title,price,rating,colors,size,gender,image_url,timestamp
T-shirt 2,1634400.0,3.9,3,M,Women,https://picsum.photos/280/350?random=2,2025-04-22 15:47:49.802126+07:00
Hoodie 3,7950080.0,4.8,3,L,Unisex,https://picsum.photos/280/350?random=3,2025-04-22 15:47:49.802126+07:00
Pants 4,7476960.0,3.3,3,XL,Men,https://picsum.photos/280/350?random=4,2025-04-22 15:47:49.802126+07:00
Outerwear 5,5145440.0,3.5,3,XXL,Women,https://picsum.photos/280/350?random=5,2025-04-22 15:47:49.802126+07:00
Jacket 6,2453920.0,3.3,3,S,Unisex,https://picsum.photos/280/350?random=6,2025-04-22 15:47:49.802126+07:00
Crewneck 7,6892000.0,4.3,3,M,Men,https://picsum.photos/280/350?random=7,2025-04-22 15:47:49.802126+07:00
T-shirt 8,7802560.0,3.1,3,L,Women,https://picsum.photos/280/350?random=8,2025-04-22 15:47:49.802126+07:00
Hoodie 9,3972160.0,3.2,3,XL,Unisex,https://picsum.photos/280/350?random=9,2025-04-22 15:47:49.802126+07:00
Pants 10,3100160.0,4.2,3,XXL,Men,https://picsum.photos/280/350?random=10,2025-04-22 15:47:49.802126+07:00
Jacket 12,8527840.0,3.9,3,M,Unisex,https://picsum.photos/280/350?random=12,2025-04-22 15:47:49.802126+07:00
Crewneck 13,5447200.0,3.2,3,L,Men,https://picsum.photos/280/350?random=13,2025-04-22 15:47:49.802126+07:00
T-shirt 14,3248800.0,3.8,3,XL,Women,https://picsum.photos/280/350?random=14,2025-04-22 15:47:49.802126+07:00
Hoodie 15,2184160.0,3.6,3,XXL,Unisex,https://picsum.photos/280/350?random=15,2025-04-22 15:47:49.802126+07:00
Outerwear 17,841600.0,3.8,3,M,Women,https://picsum.photos/280/350?random=17,2025-04-22 15:47:49.802126+07:00
Jacket 18,5500000.0,3.8,3,L,Unisex,https://picsum.photos/280/350?random=18,2025-04-22 15:47:49.802126+07:00
Crewneck 19,1308960.0,3.6,3,XL,Men,https://picsum.photos/280/350?random=19,2025-04-22 15:47:49.802126+07:00
T-shirt 20,1325600.0,3.4,3,XXL,Women,https://picsum.photos/280/350?random=20,2025-04-22 15:47:49.802126+07:00
Pants 22,4319680.0,4.9,3,M,Men,https://picsum.photos/280/350?random=22,2025-04-22 15:47:49.802126+07:00
Outerwear 23,4655840.0,3.7,3,L,Women,https://picsum.photos/280/350?random=23,2025-04-22 15:47:49.802126+07:00
Jacket 24,8223520.0,3.9,3,XL,Unisex,https://picsum.photos/280/350?random=24,2025-04-22 15:47:49.802126+07:00
Crewneck 25,8322559.999999999,3.3,3,XXL,Men,https://picsum.photos/280/350?random=25,2025-04-22 15:47:49.802126+07:00
T-shirt 26,7292320.0,4.6,3,S,Women,https://picsum.photos/280/350?random=26,2025-04-22 15:47:49.802126+07:00
Hoodie 27,3551840.0,4.8,3,M,Unisex,https://picsum.photos/280/350?random=27,2025-04-22 15:47:49.802126+07:00
Pants 28,5216160.0,4.0,3,L,Men,https://picsum.photos/280/350?random=28,2025-04-22 15:47:49.802126+07:00
Outerwear 29,861600.0,3.1,3,XL,Women,https://picsum.photos/280/350?random=29,2025-04-22 15:47:49.802126+07:00
Jacket 30,8610240.0,3.7,3,XXL,Unisex,https://picsum.photos/280/350?random=30,2025-04-22 15:47:49.802126+07:00
T-shirt 32,6657920.0,3.4,3,M,Women,https://picsum.photos/280/350?random=32,2025-04-22 15:47:49.802126+07:00
Hoodie 33,7248160.0,3.5,3,L,Unisex,https://picsum.photos/280/350?random=33,2025-04-22 15:47:49.802126+07:00
Pants 34,8362719.999999999,3.8,3,XL,Men,https://picsum.photos/280/350?random=34,2025-04-22 15:47:49.802126+07:00
Outerwear 35,1356160.0,3.8,3,XXL,Women,https://picsum.photos/280/350?random=35,2025-04-22 15:47:49.802126+07:00
Jacket 36,7249280.0,3.7,3,S,Unisex,https://picsum.photos/280/350?random=36,2025-04-22 15:47:49.802126+07:00
Crewneck 37,6006080.0,4.0,3,M,Men,https://picsum.photos/280/350?random=37,2025-04-22 15:47:49.802126+07:00
T-shirt 38,4866080.0,3.2,3,L,Women,https://picsum.photos/280/350?random=38,2025-04-22 15:47:49.802126+07:00
Hoodie 39,6431200.0,4.6,3,XL,Unisex,https://picsum.photos/280/350?random=39,2025-04-22 15:47:49.802126+07:00
Pants 40,5853600.0,3.1,3,XXL,Men,https://picsum.photos/280/350?random=40,2025-04-22 15:47:49.802126+07:00
Jacket 42,6744160.0,3.7,3,M,Unisex,https://picsum.photos/280/350?random=42,2025-04-22 15:47:49.802126+07:00
Crewneck 43,2909600.0,4.5,3,L,Men,https://picsum.photos/280/350?random=43,2025-04-22 15:47:49.802126+07:00
T-shirt 44,3312320.0,3.0,3,XL,Women,https://picsum.photos/280/350?random=44,2025-04-22 15:47:49.802126+07:00
Hoodie 45,8693120.0,4.5,3,XXL,Unisex,https://picsum.photos/280/350?random=45,2025-04-22 15:47:49.802126+07:00
Outerwear 47,6364640.0,3.2,3,M,Women,https://picsum.photos/280/350?random=47,2025-04-22 15:47:49.802126+07:00
Jacket 48,4994720.0,3.4,3,L,Unisex,https://picsum.photos/280/350?random=48,2025-04-22 15:47:49.802126+07:00
Crewneck 49,1071200.0,4.0,3,XL,Men,https://picsum.photos/280/350?random=49,2025-04-22 15:47:49.802126+07:00
T-shirt 50,5932960.0,3.1,3,XXL,Women,https://picsum.photos/280/350?random=50,2025-04-22 15:47:49.802126+07:00
Pants 52,1596480.0,4.0,3,M,Men,https://picsum.photos/280/350?random=52,2025-04-22 15:47:49.802126+07:00
Outerwear 53,4470880.0,4.3,3,L,Women,https://picsum.photos/280/350?random=53,2025-04-22 15:47:49.802126+07:00
Jacket 54,854560.0,4.2,3,XL,Unisex,https://picsum.photos/280/350?random=54,2025-04-22 15:47:49.802126+07:00
Crewneck 55,1793760.0,3.6,3,XXL,Men,https://picsum.photos/280/350?random=55,2025-04-22 15:47:49.802126+07:00
T-shirt 56,4643040.0,3.8,3,S,Women,https://picsum.photos/280/350?random=56,2025-04-22 15:47:49.802126+07:00
Hoodie 57,3155360.0,4.9,3,M,Unisex,https://picsum.photos/280/350?random=57,2025-04-22 15:47:49.802126+07:00
Pants 58,1637760.0,4.4,3,L,Men,https://picsum.photos/280/350?random=58,2025-04-22 15:47:49.802126+07:00
Outerwear 59,2254240.0,4.6,3,XL,Women,https://picsum.photos/280/350?random=59,2025-04-22 15:47:49.802126+07:00
Jacket 60,3375520.0,4.2,3,XXL,Unisex,https://picsum.photos/280/350?random=60,2025-04-22 15:47:49.802126+07:00
T-shirt 62,1376480.0,3.8,3,M,Women,https://picsum.photos/280/350?random=62,2025-04-22 15:47:49.802126+07:00
Hoodie 63,6479200.0,3.6,3,L,Unisex,https://picsum.photos/280/350?random=63,2025-04-22 15:47:49.802126+07:00
Pants 64,7728480.0,4.0,3,XL,Men,https://picsum.photos/280/350?random=64,2025-04-22 15:47:49.802126+07:00
Outerwear 65,2385920.0,4.1,3,XXL,Women,https://picsum.photos/280/350?random=65,2025-04-22 15:47:49.802126+07:00
Jacket 66,4353120.0,3.5,3,S,Unisex,https://picsum.photos/280/350?random=66,2025-04-22 15:47:49.802126+07:00
Crewneck 67,8470720.0,3.5,3,M,Men,https://picsum.photos/280/350?random=67,2025-04-22 15:47:49.802126+07:00
T-shirt 68,8025280.0,4.0,3,L,Women,https://picsum.photos/280/350?random=68,2025-04-22 15:47:49.802126+07:00
Hoodie 69,1027839.9999999999,3.6,3,XL,Unisex,https://picsum.photos/280/350?random=69,2025-04-22 15:47:49.802126+07:00
Pants 70,1171360.0,4.4,3,XXL,Men,https://picsum.photos/280/350?random=70,2025-04-22 15:47:49.802126+07:00
Jacket 72,3776000.0,4.4,3,M,Unisex,https://picsum.photos/280/350?random=72,2025-04-22 15:47:49.802126+07:00
Crewneck 73,2460320.0,3.0,3,L,Men,https://picsum.photos/280/350?random=73,2025-04-22 15:47:49.802126+07:00
T-shirt 74,7704800.0,3.8,3,XL,Women,https://picsum.photos/280/350?random=74,2025-04-22 15:47:49.802126+07:00
Hoodie 75,2101760.0,4.3,3,XXL,Unisex,https://picsum.photos/280/350?random=75,2025-04-22 15:47:49.802126+07:00
Outerwear 77,861760.0,3.7,3,M,Women,https://picsum.photos/280/350?random=77,2025-04-22 15:47:49.802126+07:00
Jacket 78,2716480.0,4.3,3,L,Unisex,https://picsum.photos/280/350?random=78,2025-04-22 15:47:49.802126+07:00
Crewneck 79,3309600.0,4.6,3,XL,Men,https://picsum.photos/280/350?random=79,2025-04-22 15:47:49.802126+07:00
T-shirt 80,4178399.9999999995,4.5,3,XXL,Women,https://picsum.photos/280/350?random=80,2025-04-22 15:47:49.802126+07:00
Pants 82,8315520.0,4.8,3,M,Men,https://picsum.photos/280/350?random=82,2025-04-22 15:47:49.802126+07:00
Outerwear 83,3947840.0,3.7,3,L,Women,https://picsum.photos/280/350?random=83,2025-04-22 15:47:49.802126+07:00
Jacket 84,2826080.0,4.8,3,XL,Unisex,https://picsum.photos/280/350?random=84,2025-04-22 15:47:49.802126+07:00
Crewneck 85,4564160.0,3.5,3,XXL,Men,https://picsum.photos/280/350?random=85,2025-04-22 15:47:49.802126+07:00
T-shirt 86,1670880.0,3.9,3,S,Women,https://picsum.photos/280/350?random=86,2025-04-22 15:47:49.802126+07:00
Hoodie 87,7870240.0,4.3,3,M,Unisex,https://picsum.photos/280/350?random=87,2025-04-22 15:47:49.802126+07:00
Pants 88,7590400.0,3.1,3,L,Men,https://picsum.photos/280/350?random=88,2025-04-22 15:47:49.802126+07:00
Outerwear 89,4856320.0,3.0,3,XL,Women,https://picsum.photos/280/350?random=89,2025-04-22 15:47:49.802126+07:00
Jacket 90,7160000.0,4.0,3,XXL,Unisex,https://picsum.photos/280/350?random=90,2025-04-22 15:47:49.802126+07:00
T-shirt 92,5012320.0,3.5,3,M,Women,https://picsum.photos/280/350?random=92,2025-04-22 15:47:49.802126+07:00
Hoodie 93,1365280.0,3.6,3,L,Unisex,https://picsum.photos/280/350?random=93,2025-04-22 15:47:49.802126+07:00
Pants 94,1074880.0,4.3,3,XL,Men,https://picsum.photos/280/350?random=94,2025-04-22 15:47:49.802126+07:00
Outerwear 95,6062240.0,3.5,3,XXL,Women,https://picsum.photos/280/350?random=95,2025-04-22 15:47:49.802126+07:00
Jacket 96,4598240.0,4.9,3,S,Unisex,https://picsum.photos/280/350?random=96,2025-04-22 15:47:49.802126+07:00
Crewneck 97,6113120.0,3.9,3,M,Men,https://picsum.photos/280/350?random=97,2025-04-22 15:47:49.802126+07:00
T-shirt 98,8596960.0,3.1,3,L,Women,https://picsum.photos/280/350?random=98,2025-04-22 15:47:49.802126+07:00
Hoodie 99,5028000.0,3.6,3,XL,Unisex,https://picsum.photos/280/350?random=99,2025-04-22 15:47:49.802126+07:00
Pants 100,2217280.0,4.6,3,XXL,Men,https://picsum.photos/280/350?random=100,2025-04-22 15:47:49.802126+07:00
Jacket 102,3840640.0,3.3,3,M,Unisex,https://picsum.photos/280/350?random=102,2025-04-22 15:47:49.802126+07:00
Crewneck 103,2331680.0,3.5,3,L,Men,https://picsum.photos/280/350?random=103,2025-04-22 15:47:49.802126+07:00
T-shirt 104,2374400.0,3.8,3,XL,Women,https://picsum.photos/280/350?random=104,2025-04-22 15:47:49.802126+07:00
Hoodie 105,5019840.0,4.2,3,XXL,Unisex,https://picsum.photos/280/350?random=105,2025-04-22 15:47:49.802126+07:00
Outerwear 107,6625120.0,4.0,3,M,Women,https://picsum.photos/280/350?random=107,2025-04-22 15:47:49.802126+07:00
Jacket 108,5551680.0,4.8,3,L,Unisex,https://picsum.photos/280/350?random=108,2025-04-22 15:47:49.802126+07:00
Crewneck 109,5886880.0,3.3,3,XL,Men,https://picsum.photos/280/350?random=109,2025-04-22 15:47:49.802126+07:00
T-shirt 110,7197120.0,4.6,3,XXL,Women,https://picsum.photos/280/350?random=110,2025-04-22 15:47:49.802126+07:00
Pants 112,4261920.0,3.3,3,M,Men,https://picsum.photos/280/350?random=112,2025-04-22 15:47:49.802126+07:00
Outerwear 113,4472000.0,3.7,3,L,Women,https://picsum.photos/280/350?random=113,2025-04-22 15:47:49.802126+07:00
Jacket 114,5386560.0,4.9,3,XL,Unisex,https://picsum.photos/280/350?random=114,2025-04-22 15:47:49.802126+07:00
Crewneck 115,1933280.0,4.5,3,XXL,Men,https://picsum.photos/280/350?random=115,2025-04-22 15:47:49.802126+07:00
T-shirt 116,3474560.0,3.0,3,S,Women,https://picsum.photos/280/350?random=116,2025-04-22 15:47:49.802126+07:00
Hoodie 117,3376320.0,5.0,3,M,Unisex,https://picsum.photos/280/350?random=117,2025-04-22 15:47:49.802126+07:00
Pants 118,5585440.0,3.2,3,L,Men,https://picsum.photos/280/350?random=118,2025-04-22 15:47:49.802126+07:00
Outerwear 119,3561760.0,3.4,3,XL,Women,https://picsum.photos/280/350?random=119,2025-04-22 15:47:49.802126+07:00
Jacket 120,7480320.0,4.0,3,XXL,Unisex,https://picsum.photos/280/350?random=120,2025-04-22 15:47:49.802126+07:00
T-shirt 122,1961920.0,3.6,3,M,Women,https://picsum.photos/280/350?random=122,2025-04-22 15:47:49.802126+07:00
Hoodie 123,4498080.0,3.8,3,L,Unisex,https://picsum.photos/280/350?random=123,2025-04-22 15:47:49.802126+07:00
Pants 124,7023520.0,3.2,3,XL,Men,https://picsum.photos/280/350?random=124,2025-04-22 15:47:49.802126+07:00
Outerwear 125,6998240.0,4.2,3,XXL,Women,https://picsum.photos/280/350?random=125,2025-04-22 15:47:49.802126+07:00
Jacket 126,4426080.0,3.9,3,S,Unisex,https://picsum.photos/280/350?random=126,2025-04-22 15:47:49.802126+07:00
Crewneck 127,8311680.0,4.0,3,M,Men,https://picsum.photos/280/350?random=127,2025-04-22 15:47:49.802126+07:00
T-shirt 128,4466720.0,3.8,3,L,Women,https://picsum.photos/280/350?random=128,2025-04-22 15:47:49.802126+07:00
Hoodie 129,2532480.0,4.5,3,XL,Unisex,https://picsum.photos/280/350?random=129,2025-04-22 15:47:49.802126+07:00
Pants 130,6603520.0,4.8,3,XXL,Men,https://picsum.photos/280/350?random=130,2025-04-22 15:47:49.802126+07:00
Jacket 132,6474880.0,4.2,3,M,Unisex,https://picsum.photos/280/350?random=132,2025-04-22 15:47:49.802126+07:00
Crewneck 133,2016320.0,4.7,3,L,Men,https://picsum.photos/280/350?random=133,2025-04-22 15:47:49.802126+07:00
T-shirt 134,5937440.0,3.2,3,XL,Women,https://picsum.photos/280/350?random=134,2025-04-22 15:47:49.802126+07:00
Hoodie 135,5141440.0,4.7,3,XXL,Unisex,https://picsum.photos/280/350?random=135,2025-04-22 15:47:49.802126+07:00
Outerwear 137,6988320.0,4.5,3,M,Women,https://picsum.photos/280/350?random=137,2025-04-22 15:47:49.802126+07:00
Jacket 138,4635520.0,3.4,3,L,Unisex,https://picsum.photos/280/350?random=138,2025-04-22 15:47:49.802126+07:00
Crewneck 139,8053120.0,4.5,3,XL,Men,https://picsum.photos/280/350?random=139,2025-04-22 15:47:49.802126+07:00
T-shirt 140,6811040.0,3.5,3,XXL,Women,https://picsum.photos/280/350?random=140,2025-04-22 15:47:49.802126+07:00
Pants 142,2325280.0,4.9,3,M,Men,https://picsum.photos/280/350?random=142,2025-04-22 15:47:49.802126+07:00
Outerwear 143,3346560.0,4.9,3,L,Women,https://picsum.photos/280/350?random=143,2025-04-22 15:47:49.802126+07:00
Jacket 144,5758240.0,4.3,3,XL,Unisex,https://picsum.photos/280/350?random=144,2025-04-22 15:47:49.802126+07:00
Crewneck 145,3472800.0,4.8,3,XXL,Men,https://picsum.photos/280/350?random=145,2025-04-22 15:47:49.802126+07:00
T-shirt 146,7688640.0,4.3,3,S,Women,https://picsum.photos/280/350?random=146,2025-04-22 15:47:49.802126+07:00
Hoodie 147,3052800.0,5.0,3,M,Unisex,https://picsum.photos/280/350?random=147,2025-04-22 15:47:49.802126+07:00
Pants 148,6033440.0,4.7,3,L,Men,https://picsum.photos/280/350?random=148,2025-04-22 15:47:49.802126+07:00
Outerwear 149,3105920.0,3.2,3,XL,Women,https://picsum.photos/280/350?random=149,2025-04-22 15:47:49.802126+07:00
Jacket 150,1500640.0,3.6,3,XXL,Unisex,https://picsum.photos/280/350?random=150,2025-04-22 15:47:49.802126+07:00
T-shirt 152,6288640.0,4.2,3,M,Women,https://picsum.photos/280/350?random=152,2025-04-22 15:47:49.802126+07:00
Hoodie 153,2660640.0,4.3,3,L,Unisex,https://picsum.photos/280/350?random=153,2025-04-22 15:47:49.802126+07:00
Pants 154,2337440.0,3.0,3,XL,Men,https://picsum.photos/280/350?random=154,2025-04-22 15:47:49.802126+07:00
Outerwear 155,3783200.0,4.1,3,XXL,Women,https://picsum.photos/280/350?random=155,2025-04-22 15:47:49.802126+07:00
Jacket 156,6645120.0,3.6,3,S,Unisex,https://picsum.photos/280/350?random=156,2025-04-22 15:47:49.802126+07:00
Crewneck 157,1105760.0,4.0,3,M,Men,https://picsum.photos/280/350?random=157,2025-04-22 15:47:49.802126+07:00
T-shirt 158,7321120.0,4.0,3,L,Women,https://picsum.photos/280/350?random=158,2025-04-22 15:47:49.802126+07:00
Hoodie 159,2371680.0,4.9,3,XL,Unisex,https://picsum.photos/280/350?random=159,2025-04-22 15:47:49.802126+07:00
Pants 160,2802880.0,3.4,3,XXL,Men,https://picsum.photos/280/350?random=160,2025-04-22 15:47:49.802126+07:00
Jacket 162,1543840.0,4.5,3,M,Unisex,https://picsum.photos/280/350?random=162,2025-04-22 15:47:49.802126+07:00
Crewneck 163,7861920.0,4.4,3,L,Men,https://picsum.photos/280/350?random=163,2025-04-22 15:47:49.802126+07:00
T-shirt 164,3512000.0,3.9,3,XL,Women,https://picsum.photos/280/350?random=164,2025-04-22 15:47:49.802126+07:00
Hoodie 165,6921280.0,4.9,3,XXL,Unisex,https://picsum.photos/280/350?random=165,2025-04-22 15:47:49.802126+07:00
Outerwear 167,3273760.0,3.1,3,M,Women,https://picsum.photos/280/350?random=167,2025-04-22 15:47:49.802126+07:00
Jacket 168,870400.0,4.4,3,L,Unisex,https://picsum.photos/280/350?random=168,2025-04-22 15:47:49.802126+07:00
Crewneck 169,8032800.0,4.7,3,XL,Men,https://picsum.photos/280/350?random=169,2025-04-22 15:47:49.802126+07:00
T-shirt 170,6677920.0,4.5,3,XXL,Women,https://picsum.photos/280/350?random=170,2025-04-22 15:47:49.802126+07:00
Pants 172,1566080.0,4.9,3,M,Men,https://picsum.photos/280/350?random=172,2025-04-22 15:47:49.802126+07:00
Outerwear 173,7034560.0,4.6,3,L,Women,https://picsum.photos/280/350?random=173,2025-04-22 15:47:49.802126+07:00
Jacket 174,6282240.0,3.3,3,XL,Unisex,https://picsum.photos/280/350?random=174,2025-04-22 15:47:49.802126+07:00
Crewneck 175,8125120.0,4.5,3,XXL,Men,https://picsum.photos/280/350?random=175,2025-04-22 15:47:49.802126+07:00
T-shirt 176,6104320.0,3.6,3,S,Women,https://picsum.photos/280/350?random=176,2025-04-22 15:47:49.802126+07:00
Hoodie 177,1890400.0,4.6,3,M,Unisex,https://picsum.photos/280/350?random=177,2025-04-22 15:47:49.802126+07:00
Pants 178,6184160.0,3.0,3,L,Men,https://picsum.photos/280/350?random=178,2025-04-22 15:47:49.802126+07:00
Outerwear 179,5816640.0,3.5,3,XL,Women,https://picsum.photos/280/350?random=179,2025-04-22 15:47:49.802126+07:00
Jacket 180,5552640.0,3.9,3,XXL,Unisex,https://picsum.photos/280/350?random=180,2025-04-22 15:47:49.802126+07:00
T-shirt 182,2334880.0,3.8,3,M,Women,https://picsum.photos/280/350?random=182,2025-04-22 15:47:49.802126+07:00
Hoodie 183,3904640.0,3.6,3,L,Unisex,https://picsum.photos/280/350?random=183,2025-04-22 15:47:49.802126+07:00
Pants 184,7759520.0,4.5,3,XL,Men,https://picsum.photos/280/350?random=184,2025-04-22 15:47:49.802126+07:00
Outerwear 185,7822880.0,3.2,3,XXL,Women,https://picsum.photos/280/350?random=185,2025-04-22 15:47:49.802126+07:00
Jacket 186,6940480.0,4.2,3,S,Unisex,https://picsum.photos/280/350?random=186,2025-04-22 15:47:49.802126+07:00
Crewneck 187,6663520.0,3.8,3,M,Men,https://picsum.photos/280/350?random=187,2025-04-22 15:47:49.802126+07:00
T-shirt 188,3927840.0,4.4,3,L,Women,https://picsum.photos/280/350?random=188,2025-04-22 15:47:49.802126+07:00
Hoodie 189,1946720.0,4.0,3,XL,Unisex,https://picsum.photos/280/350?random=189,2025-04-22 15:47:49.802126+07:00
Pants 190,2220960.0,4.5,3,XXL,Men,https://picsum.photos/280/350?random=190,2025-04-22 15:47:49.802126+07:00
Jacket 192,5066240.0,3.8,3,M,Unisex,https://picsum.photos/280/350?random=192,2025-04-22 15:47:49.802126+07:00
Crewneck 193,7355680.0,4.1,3,L,Men,https://picsum.photos/280/350?random=193,2025-04-22 15:47:49.802126+07:00
T-shirt 194,2818720.0,4.9,3,XL,Women,https://picsum.photos/280/350?random=194,2025-04-22 15:47:49.802126+07:00
Hoodie 195,7208960.0,4.9,3,XXL,Unisex,https://picsum.photos/280/350?random=195,2025-04-22 15:47:49.802126+07:00
Outerwear 197,5681600.0,4.9,3,M,Women,https://picsum.photos/280/350?random=197,2025-04-22 15:47:49.802126+07:00
Jacket 198,5435040.0,4.5,3,L,Unisex,https://picsum.photos/280/350?random=198,2025-04-22 15:47:49.802126+07:00
Crewneck 199,6744320.0,3.1,3,XL,Men,https://picsum.photos/280/350?random=199,2025-04-22 15:47:49.802126+07:00
T-shirt 200,6289920.0,3.5,3,XXL,Women,https://picsum.photos/280/350?random=200,2025-04-22 15:47:49.802126+07:00
Pants 202,5592480.0,3.3,3,M,Men,https://picsum.photos/280/350?random=202,2025-04-22 15:47:49.802126+07:00
Outerwear 203,2144000.0,3.4,3,L,Women,https://picsum.photos/280/350?random=203,2025-04-22 15:47:49.802126+07:00
Jacket 204,6031040.0,3.9,3,XL,Unisex,https://picsum.photos/280/350?random=204,2025-04-22 15:47:49.802126+07:00
Crewneck 205,6434880.0,3.2,3,XXL,Men,https://picsum.photos/280/350?random=205,2025-04-22 15:47:49.802126+07:00
T-shirt 206,4674720.0,4.5,3,S,Women,https://picsum.photos/280/350?random=206,2025-04-22 15:47:49.802126+07:00
Hoodie 207,6101440.0,3.5,3,M,Unisex,https://picsum.photos/280/350?random=207,2025-04-22 15:47:49.802126+07:00
Pants 208,4637600.0,3.1,3,L,Men,https://picsum.photos/280/350?random=208,2025-04-22 15:47:49.802126+07:00
Outerwear 209,7980640.0,4.3,3,XL,Women,https://picsum.photos/280/350?random=209,2025-04-22 15:47:49.802126+07:00
Jacket 210,7827360.0,4.7,3,XXL,Unisex,https://picsum.photos/280/350?random=210,2025-04-22 15:47:49.802126+07:00
T-shirt 212,8794880.0,4.7,3,M,Women,https://picsum.photos/280/350?random=212,2025-04-22 15:47:49.802126+07:00
Hoodie 213,5748000.0,3.6,3,L,Unisex,https://picsum.photos/280/350?random=213,2025-04-22 15:47:49.802126+07:00
Pants 214,4315680.0,4.9,3,XL,Men,https://picsum.photos/280/350?random=214,2025-04-22 15:47:49.802126+07:00
Outerwear 215,1449600.0,3.8,3,XXL,Women,https://picsum.photos/280/350?random=215,2025-04-22 15:47:49.802126+07:00
Jacket 216,4576480.0,4.6,3,S,Unisex,https://picsum.photos/280/350?random=216,2025-04-22 15:47:49.802126+07:00
Crewneck 217,5772960.0,4.8,3,M,Men,https://picsum.photos/280/350?random=217,2025-04-22 15:47:49.802126+07:00
T-shirt 218,5600320.0,3.1,3,L,Women,https://picsum.photos/280/350?random=218,2025-04-22 15:47:49.802126+07:00
Hoodie 219,5671040.0,4.6,3,XL,Unisex,https://picsum.photos/280/350?random=219,2025-04-22 15:47:49.802126+07:00
Pants 220,3357600.0,3.2,3,XXL,Men,https://picsum.photos/280/350?random=220,2025-04-22 15:47:49.802126+07:00
Jacket 222,7438080.0,3.4,3,M,Unisex,https://picsum.photos/280/350?random=222,2025-04-22 15:47:49.802126+07:00
Crewneck 223,952960.0,4.8,3,L,Men,https://picsum.photos/280/350?random=223,2025-04-22 15:47:49.802126+07:00
T-shirt 224,3534560.0,4.5,3,XL,Women,https://picsum.photos/280/350?random=224,2025-04-22 15:47:49.802126+07:00
Hoodie 225,5232800.0,3.5,3,XXL,Unisex,https://picsum.photos/280/350?random=225,2025-04-22 15:47:49.802126+07:00
Outerwear 227,6742560.0,4.8,3,M,Women,https://picsum.photos/280/350?random=227,2025-04-22 15:47:49.802126+07:00
Jacket 228,8076800.0,4.5,3,L,Unisex,https://picsum.photos/280/350?random=228,2025-04-22 15:47:49.802126+07:00
Crewneck 229,3101920.0,4.9,3,XL,Men,https://picsum.photos/280/350?random=229,2025-04-22 15:47:49.802126+07:00
T-shirt 230,7133280.0,4.5,3,XXL,Women,https://picsum.photos/280/350?random=230,2025-04-22 15:47:49.802126+07:00
Pants 232,8327360.000000001,4.0,3,M,Men,https://picsum.photos/280/350?random=232,2025-04-22 15:47:49.802126+07:00
Outerwear 233,847360.0,4.8,3,L,Women,https://picsum.photos/280/350?random=233,2025-04-22 15:47:49.802126+07:00
Jacket 234,1159200.0,4.5,3,XL,Unisex,https://picsum.photos/280/350?random=234,2025-04-22 15:47:49.802126+07:00
Crewneck 235,6560320.0,3.4,3,XXL,Men,https://picsum.photos/280/350?random=235,2025-04-22 15:47:49.802126+07:00
T-shirt 236,5492320.0,3.9,3,S,Women,https://picsum.photos/280/350?random=236,2025-04-22 15:47:49.802126+07:00
Hoodie 237,4743520.0,3.1,3,M,Unisex,https://picsum.photos/280/350?random=237,2025-04-22 15:47:49.802126+07:00
Pants 238,8301920.0,3.8,3,L,Men,https://picsum.photos/280/350?random=238,2025-04-22 15:47:49.802126+07:00
Outerwear 239,7934080.0,3.1,3,XL,Women,https://picsum.photos/280/350?random=239,2025-04-22 15:47:49.802126+07:00
Jacket 240,7600000.0,3.8,3,XXL,Unisex,https://picsum.photos/280/350?random=240,2025-04-22 15:47:49.802126+07:00
T-shirt 242,4833600.0,3.4,3,M,Women,https://picsum.photos/280/350?random=242,2025-04-22 15:47:49.802126+07:00
Hoodie 243,3371680.0,3.1,3,L,Unisex,https://picsum.photos/280/350?random=243,2025-04-22 15:47:49.802126+07:00
Pants 244,8116160.0,3.1,3,XL,Men,https://picsum.photos/280/350?random=244,2025-04-22 15:47:49.802126+07:00
Outerwear 245,1451680.0,4.0,3,XXL,Women,https://picsum.photos/280/350?random=245,2025-04-22 15:47:49.802126+07:00
Jacket 246,8735040.0,3.1,3,S,Unisex,https://picsum.photos/280/350?random=246,2025-04-22 15:47:49.802126+07:00
Crewneck 247,8769120.0,3.0,3,M,Men,https://picsum.photos/280/350?random=247,2025-04-22 15:47:49.802126+07:00
T-shirt 248,2280000.0,4.5,3,L,Women,https://picsum.photos/280/350?random=248,2025-04-22 15:47:49.802126+07:00
Hoodie 249,2149440.0,4.2,3,XL,Unisex,https://picsum.photos/280/350?random=249,2025-04-22 15:47:49.802126+07:00
Pants 250,4314240.0,3.1,3,XXL,Men,https://picsum.photos/280/350?random=250,2025-04-22 15:47:49.802126+07:00
Jacket 252,8408480.0,3.2,3,M,Unisex,https://picsum.photos/280/350?random=252,2025-04-22 15:47:49.802126+07:00
Crewneck 253,1854720.0,3.9,3,L,Men,https://picsum.photos/280/350?random=253,2025-04-22 15:47:49.802126+07:00
T-shirt 254,5984160.0,3.9,3,XL,Women,https://picsum.photos/280/350?random=254,2025-04-22 15:47:49.802126+07:00
Hoodie 255,3668000.0,4.1,3,XXL,Unisex,https://picsum.photos/280/350?random=255,2025-04-22 15:47:49.802126+07:00
Outerwear 257,7073120.0,5.0,3,M,Women,https://picsum.photos/280/350?random=257,2025-04-22 15:47:49.802126+07:00
Jacket 258,2080639.9999999998,4.7,3,L,Unisex,https://picsum.photos/280/350?random=258,2025-04-22 15:47:49.802126+07:00
Crewneck 259,2275520.0,3.3,3,XL,Men,https://picsum.photos/280/350?random=259,2025-04-22 15:47:49.802126+07:00
T-shirt 260,6271520.0,3.5,3,XXL,Women,https://picsum.photos/280/350?random=260,2025-04-22 15:47:49.802126+07:00
Pants 262,1097760.0,3.4,3,M,Men,https://picsum.photos/280/350?random=262,2025-04-22 15:47:49.802126+07:00
Outerwear 263,1878400.0,4.2,3,L,Women,https://picsum.photos/280/350?random=263,2025-04-22 15:47:49.802126+07:00
Jacket 264,2063040.0,4.8,3,XL,Unisex,https://picsum.photos/280/350?random=264,2025-04-22 15:47:49.802126+07:00
Crewneck 265,2483040.0,3.5,3,XXL,Men,https://picsum.photos/280/350?random=265,2025-04-22 15:47:49.802126+07:00
T-shirt 266,4842080.0,4.6,3,S,Women,https://picsum.photos/280/350?random=266,2025-04-22 15:47:49.802126+07:00
Hoodie 267,4086240.0,4.3,3,M,Unisex,https://picsum.photos/280/350?random=267,2025-04-22 15:47:49.802126+07:00
Pants 268,5005120.0,3.6,3,L,Men,https://picsum.photos/280/350?random=268,2025-04-22 15:47:49.802126+07:00
Outerwear 269,8073920.0,3.1,3,XL,Women,https://picsum.photos/280/350?random=269,2025-04-22 15:47:49.802126+07:00
Jacket 270,2569120.0,4.2,3,XXL,Unisex,https://picsum.photos/280/350?random=270,2025-04-22 15:47:49.802126+07:00
T-shirt 272,5811840.0,3.3,3,M,Women,https://picsum.photos/280/350?random=272,2025-04-22 15:47:49.802126+07:00
Hoodie 273,5291360.0,4.9,3,L,Unisex,https://picsum.photos/280/350?random=273,2025-04-22 15:47:49.802126+07:00
Pants 274,3669280.0,4.2,3,XL,Men,https://picsum.photos/280/350?random=274,2025-04-22 15:47:49.802126+07:00
Outerwear 275,5575360.0,4.8,3,XXL,Women,https://picsum.photos/280/350?random=275,2025-04-22 15:47:49.802126+07:00
Jacket 276,1013600.0,4.3,3,S,Unisex,https://picsum.photos/280/350?random=276,2025-04-22 15:47:49.802126+07:00
Crewneck 277,2383680.0,4.7,3,M,Men,https://picsum.photos/280/350?random=277,2025-04-22 15:47:49.802126+07:00
T-shirt 278,2087360.0000000002,3.8,3,L,Women,https://picsum.photos/280/350?random=278,2025-04-22 15:47:49.802126+07:00
Hoodie 279,5592320.0,4.7,3,XL,Unisex,https://picsum.photos/280/350?random=279,2025-04-22 15:47:49.802126+07:00
Pants 280,7501440.0,3.9,3,XXL,Men,https://picsum.photos/280/350?random=280,2025-04-22 15:47:49.802126+07:00
Jacket 282,2227040.0,3.0,3,M,Unisex,https://picsum.photos/280/350?random=282,2025-04-22 15:47:49.802126+07:00
Crewneck 283,6633120.0,3.2,3,L,Men,https://picsum.photos/280/350?random=283,2025-04-22 15:47:49.802126+07:00
T-shirt 284,6568000.0,3.6,3,XL,Women,https://picsum.photos/280/350?random=284,2025-04-22 15:47:49.802126+07:00
Hoodie 285,3009120.0,3.2,3,XXL,Unisex,https://picsum.photos/280/350?random=285,2025-04-22 15:47:49.802126+07:00
Outerwear 287,5273600.0,3.7,3,M,Women,https://picsum.photos/280/350?random=287,2025-04-22 15:47:49.802126+07:00
Jacket 288,3123040.0,4.1,3,L,Unisex,https://picsum.photos/280/350?random=288,2025-04-22 15:47:49.802126+07:00
Crewneck 289,888000.0,4.0,3,XL,Men,https://picsum.photos/280/350?random=289,2025-04-22 15:47:49.802126+07:00
T-shirt 290,6425120.0,4.2,3,XXL,Women,https://picsum.photos/280/350?random=290,2025-04-22 15:47:49.802126+07:00
Pants 292,2384480.0,3.9,3,M,Men,https://picsum.photos/280/350?random=292,2025-04-22 15:47:49.802126+07:00
Outerwear 293,1176160.0,4.5,3,L,Women,https://picsum.photos/280/350?random=293,2025-04-22 15:47:49.802126+07:00
Jacket 294,5947200.0,3.8,3,XL,Unisex,https://picsum.photos/280/350?random=294,2025-04-22 15:47:49.802126+07:00
Crewneck 295,7266720.0,4.9,3,XXL,Men,https://picsum.photos/280/350?random=295,2025-04-22 15:47:49.802126+07:00
T-shirt 296,1172160.0,3.1,3,S,Women,https://picsum.photos/280/350?random=296,2025-04-22 15:47:49.802126+07:00
Hoodie 297,7801120.0,3.6,3,M,Unisex,https://picsum.photos/280/350?random=297,2025-04-22 15:47:49.802126+07:00
Pants 298,2426080.0,4.8,3,L,Men,https://picsum.photos/280/350?random=298,2025-04-22 15:47:49.802126+07:00
Outerwear 299,1947840.0,4.3,3,XL,Women,https://picsum.photos/280/350?random=299,2025-04-22 15:47:49.802126+07:00
Jacket 300,6408480.0,4.0,3,XXL,Unisex,https://picsum.photos/280/350?random=300,2025-04-22 15:47:49.802126+07:00
T-shirt 302,5711200.0,3.2,3,M,Women,https://picsum.photos/280/350?random=302,2025-04-22 15:47:49.802126+07:00
Hoodie 303,7974560.0,4.1,3,L,Unisex,https://picsum.photos/280/350?random=303,2025-04-22 15:47:49.802126+07:00
Pants 304,7129760.0,3.4,3,XL,Men,https://picsum.photos/280/350?random=304,2025-04-22 15:47:49.802126+07:00
Outerwear 305,6325440.0,4.5,3,XXL,Women,https://picsum.photos/280/350?random=305,2025-04-22 15:47:49.802126+07:00
Jacket 306,7575040.0,4.2,3,S,Unisex,https://picsum.photos/280/350?random=306,2025-04-22 15:47:49.802126+07:00
Crewneck 307,7735200.0,3.7,3,M,Men,https://picsum.photos/280/350?random=307,2025-04-22 15:47:49.802126+07:00
T-shirt 308,4086080.0,4.1,3,L,Women,https://picsum.photos/280/350?random=308,2025-04-22 15:47:49.802126+07:00
Hoodie 309,3953120.0,4.8,3,XL,Unisex,https://picsum.photos/280/350?random=309,2025-04-22 15:47:49.802126+07:00
Pants 310,6329280.0,4.7,3,XXL,Men,https://picsum.photos/280/350?random=310,2025-04-22 15:47:49.802126+07:00
Jacket 312,7267040.0,3.8,3,M,Unisex,https://picsum.photos/280/350?random=312,2025-04-22 15:47:49.802126+07:00
Crewneck 313,1948320.0,3.1,3,L,Men,https://picsum.photos/280/350?random=313,2025-04-22 15:47:49.802126+07:00
T-shirt 314,6017120.0,3.2,3,XL,Women,https://picsum.photos/280/350?random=314,2025-04-22 15:47:49.802126+07:00
Hoodie 315,7022880.0,3.1,3,XXL,Unisex,https://picsum.photos/280/350?random=315,2025-04-22 15:47:49.802126+07:00
Outerwear 317,5259040.0,3.3,3,M,Women,https://picsum.photos/280/350?random=317,2025-04-22 15:47:49.802126+07:00
Jacket 318,5667200.0,3.7,3,L,Unisex,https://picsum.photos/280/350?random=318,2025-04-22 15:47:49.802126+07:00
Crewneck 319,3085920.0,3.3,3,XL,Men,https://picsum.photos/280/350?random=319,2025-04-22 15:47:49.802126+07:00
T-shirt 320,829440.0,3.3,3,XXL,Women,https://picsum.photos/280/350?random=320,2025-04-22 15:47:49.802126+07:00
Pants 322,7810400.0,3.2,3,M,Men,https://picsum.photos/280/350?random=322,2025-04-22 15:47:49.802126+07:00
Outerwear 323,8468000.0,3.1,3,L,Women,https://picsum.photos/280/350?random=323,2025-04-22 15:47:49.802126+07:00
Jacket 324,6082720.0,3.3,3,XL,Unisex,https://picsum.photos/280/350?random=324,2025-04-22 15:47:49.802126+07:00
Crewneck 325,3001760.0,3.4,3,XXL,Men,https://picsum.photos/280/350?random=325,2025-04-22 15:47:49.802126+07:00
T-shirt 326,4519360.0,4.9,3,S,Women,https://picsum.photos/280/350?random=326,2025-04-22 15:47:49.802126+07:00
Hoodie 327,6641440.0,4.4,3,M,Unisex,https://picsum.photos/280/350?random=327,2025-04-22 15:47:49.802126+07:00
Pants 328,5732960.0,4.5,3,L,Men,https://picsum.photos/280/350?random=328,2025-04-22 15:47:49.802126+07:00
Outerwear 329,6724160.0,4.7,3,XL,Women,https://picsum.photos/280/350?random=329,2025-04-22 15:47:49.802126+07:00
Jacket 330,1591200.0,4.3,3,XXL,Unisex,https://picsum.photos/280/350?random=330,2025-04-22 15:47:49.802126+07:00
T-shirt 332,2335680.0,3.4,3,M,Women,https://picsum.photos/280/350?random=332,2025-04-22 15:47:49.802126+07:00
Hoodie 333,1746080.0,4.8,3,L,Unisex,https://picsum.photos/280/350?random=333,2025-04-22 15:47:49.802126+07:00
Pants 334,2409440.0,3.8,3,XL,Men,https://picsum.photos/280/350?random=334,2025-04-22 15:47:49.802126+07:00
Outerwear 335,2826720.0,3.0,3,XXL,Women,https://picsum.photos/280/350?random=335,2025-04-22 15:47:49.802126+07:00
Jacket 336,6237760.0,5.0,3,S,Unisex,https://picsum.photos/280/350?random=336,2025-04-22 15:47:49.802126+07:00
Crewneck 337,8608800.0,4.3,3,M,Men,https://picsum.photos/280/350?random=337,2025-04-22 15:47:49.802126+07:00
T-shirt 338,2883360.0,3.9,3,L,Women,https://picsum.photos/280/350?random=338,2025-04-22 15:47:49.802126+07:00
Hoodie 339,4424800.0,4.9,3,XL,Unisex,https://picsum.photos/280/350?random=339,2025-04-22 15:47:49.802126+07:00
Pants 340,5975200.0,4.3,3,XXL,Men,https://picsum.photos/280/350?random=340,2025-04-22 15:47:49.802126+07:00
Jacket 342,1827680.0,4.8,3,M,Unisex,https://picsum.photos/280/350?random=342,2025-04-22 15:47:49.802126+07:00
Crewneck 343,2279040.0,4.1,3,L,Men,https://picsum.photos/280/350?random=343,2025-04-22 15:47:49.802126+07:00
T-shirt 344,3415680.0,4.5,3,XL,Women,https://picsum.photos/280/350?random=344,2025-04-22 15:47:49.802126+07:00
Hoodie 345,7577440.0,3.3,3,XXL,Unisex,https://picsum.photos/280/350?random=345,2025-04-22 15:47:49.802126+07:00
Outerwear 347,6986080.0,4.7,3,M,Women,https://picsum.photos/280/350?random=347,2025-04-22 15:47:49.802126+07:00
Jacket 348,3195040.0,4.6,3,L,Unisex,https://picsum.photos/280/350?random=348,2025-04-22 15:47:49.802126+07:00
Crewneck 349,6085600.0,3.5,3,XL,Men,https://picsum.photos/280/350?random=349,2025-04-22 15:47:49.802126+07:00
T-shirt 350,8047680.0,5.0,3,XXL,Women,https://picsum.photos/280/350?random=350,2025-04-22 15:47:49.802126+07:00
Pants 352,2838880.0,4.0,3,M,Men,https://picsum.photos/280/350?random=352,2025-04-22 15:47:49.802126+07:00
Outerwear 353,961600.0,3.6,3,L,Women,https://picsum.photos/280/350?random=353,2025-04-22 15:47:49.802126+07:00
Jacket 354,2294720.0,3.8,3,XL,Unisex,https://picsum.photos/280/350?random=354,2025-04-22 15:47:49.802126+07:00
Crewneck 355,4246560.0,3.2,3,XXL,Men,https://picsum.photos/280/350?random=355,2025-04-22 15:47:49.802126+07:00
T-shirt 356,7150080.0,4.3,3,S,Women,https://picsum.photos/280/350?random=356,2025-04-22 15:47:49.802126+07:00
Hoodie 357,3739360.0,3.6,3,M,Unisex,https://picsum.photos/280/350?random=357,2025-04-22 15:47:49.802126+07:00
Pants 358,8479520.0,3.9,3,L,Men,https://picsum.photos/280/350?random=358,2025-04-22 15:47:49.802126+07:00
Outerwear 359,1696480.0,4.3,3,XL,Women,https://picsum.photos/280/350?random=359,2025-04-22 15:47:49.802126+07:00
Jacket 360,8788320.0,4.8,3,XXL,Unisex,https://picsum.photos/280/350?random=360,2025-04-22 15:47:49.802126+07:00
T-shirt 362,4776800.0,5.0,3,M,Women,https://picsum.photos/280/350?random=362,2025-04-22 15:47:49.802126+07:00
Hoodie 363,1171360.0,3.2,3,L,Unisex,https://picsum.photos/280/350?random=363,2025-04-22 15:47:49.802126+07:00
Pants 364,4972800.0,4.8,3,XL,Men,https://picsum.photos/280/350?random=364,2025-04-22 15:47:49.802126+07:00
Outerwear 365,6956480.0,4.5,3,XXL,Women,https://picsum.photos/280/350?random=365,2025-04-22 15:47:49.802126+07:00
Jacket 366,5854880.0,4.9,3,S,Unisex,https://picsum.photos/280/350?random=366,2025-04-22 15:47:49.802126+07:00
Crewneck 367,8359360.000000001,4.9,3,M,Men,https://picsum.photos/280/350?random=367,2025-04-22 15:47:49.802126+07:00
T-shirt 368,965120.0,3.2,3,L,Women,https://picsum.photos/280/350?random=368,2025-04-22 15:47:49.802126+07:00
Hoodie 369,7204960.0,4.7,3,XL,Unisex,https://picsum.photos/280/350?random=369,2025-04-22 15:47:49.802126+07:00
Pants 370,4559680.0,3.6,3,XXL,Men,https://picsum.photos/280/350?random=370,2025-04-22 15:47:49.802126+07:00
Jacket 372,5052960.0,3.6,3,M,Unisex,https://picsum.photos/280/350?random=372,2025-04-22 15:47:49.802126+07:00
Crewneck 373,2231040.0,3.6,3,L,Men,https://picsum.photos/280/350?random=373,2025-04-22 15:47:49.802126+07:00
T-shirt 374,7697120.0,3.9,3,XL,Women,https://picsum.photos/280/350?random=374,2025-04-22 15:47:49.802126+07:00
Hoodie 375,7027520.0,3.9,3,XXL,Unisex,https://picsum.photos/280/350?random=375,2025-04-22 15:47:49.802126+07:00
Outerwear 377,6802080.0,4.8,3,M,Women,https://picsum.photos/280/350?random=377,2025-04-22 15:47:49.802126+07:00
Jacket 378,3402400.0,3.6,3,L,Unisex,https://picsum.photos/280/350?random=378,2025-04-22 15:47:49.802126+07:00
Crewneck 379,3963200.0,4.4,3,XL,Men,https://picsum.photos/280/350?random=379,2025-04-22 15:47:49.802126+07:00
T-shirt 380,2547040.0,3.8,3,XXL,Women,https://picsum.photos/280/350?random=380,2025-04-22 15:47:49.802126+07:00
Pants 382,1356160.0,4.4,3,M,Men,https://picsum.photos/280/350?random=382,2025-04-22 15:47:49.802126+07:00
Outerwear 383,3431040.0,3.4,3,L,Women,https://picsum.photos/280/350?random=383,2025-04-22 15:47:49.802126+07:00
Jacket 384,1452960.0,3.3,3,XL,Unisex,https://picsum.photos/280/350?random=384,2025-04-22 15:47:49.802126+07:00
Crewneck 385,7950720.0,4.9,3,XXL,Men,https://picsum.photos/280/350?random=385,2025-04-22 15:47:49.802126+07:00
T-shirt 386,4793600.0,4.6,3,S,Women,https://picsum.photos/280/350?random=386,2025-04-22 15:47:49.802126+07:00
Hoodie 387,8418080.0,4.2,3,M,Unisex,https://picsum.photos/280/350?random=387,2025-04-22 15:47:49.802126+07:00
Pants 388,931200.0,3.1,3,L,Men,https://picsum.photos/280/350?random=388,2025-04-22 15:47:49.802126+07:00
Outerwear 389,2883200.0,5.0,3,XL,Women,https://picsum.photos/280/350?random=389,2025-04-22 15:47:49.802126+07:00
Jacket 390,5432960.0,3.3,3,XXL,Unisex,https://picsum.photos/280/350?random=390,2025-04-22 15:47:49.802126+07:00
T-shirt 392,1226080.0,4.4,3,M,Women,https://picsum.photos/280/350?random=392,2025-04-22 15:47:49.802126+07:00
Hoodie 393,4068480.0,3.2,3,L,Unisex,https://picsum.photos/280/350?random=393,2025-04-22 15:47:49.802126+07:00
Pants 394,3540000.0,3.3,3,XL,Men,https://picsum.photos/280/350?random=394,2025-04-22 15:47:49.802126+07:00
Outerwear 395,3098720.0,4.0,3,XXL,Women,https://picsum.photos/280/350?random=395,2025-04-22 15:47:49.802126+07:00
Jacket 396,2505280.0,3.9,3,S,Unisex,https://picsum.photos/280/350?random=396,2025-04-22 15:47:49.802126+07:00
Crewneck 397,855360.0,3.6,3,M,Men,https://picsum.photos/280/350?random=397,2025-04-22 15:47:49.802126+07:00
T-shirt 398,4592800.0,4.7,3,L,Women,https://picsum.photos/280/350?random=398,2025-04-22 15:47:49.802126+07:00
Hoodie 399,2523520.0,3.6,3,XL,Unisex,https://picsum.photos/280/350?random=399,2025-04-22 15:47:49.802126+07:00
Pants 400,6020640.0,4.7,3,XXL,Men,https://picsum.photos/280/350?random=400,2025-04-22 15:47:49.802126+07:00
Jacket 402,2029120.0,4.6,3,M,Unisex,https://picsum.photos/280/350?random=402,2025-04-22 15:47:49.802126+07:00
Crewneck 403,1580320.0,4.1,3,L,Men,https://picsum.photos/280/350?random=403,2025-04-22 15:47:49.802126+07:00
T-shirt 404,3501120.0,4.9,3,XL,Women,https://picsum.photos/280/350?random=404,2025-04-22 15:47:49.802126+07:00
Hoodie 405,5080160.0,3.8,3,XXL,Unisex,https://picsum.photos/280/350?random=405,2025-04-22 15:47:49.802126+07:00
Outerwear 407,2761280.0,3.7,3,M,Women,https://picsum.photos/280/350?random=407,2025-04-22 15:47:49.802126+07:00
Jacket 408,4176000.0,4.9,3,L,Unisex,https://picsum.photos/280/350?random=408,2025-04-22 15:47:49.802126+07:00
Crewneck 409,3221760.0,3.5,3,XL,Men,https://picsum.photos/280/350?random=409,2025-04-22 15:47:49.802126+07:00
T-shirt 410,1586720.0,3.1,3,XXL,Women,https://picsum.photos/280/350?random=410,2025-04-22 15:47:49.802126+07:00
Pants 412,5438240.0,4.4,3,M,Men,https://picsum.photos/280/350?random=412,2025-04-22 15:47:49.802126+07:00
Outerwear 413,1306400.0,3.4,3,L,Women,https://picsum.photos/280/350?random=413,2025-04-22 15:47:49.802126+07:00
Jacket 414,2234720.0,3.7,3,XL,Unisex,https://picsum.photos/280/350?random=414,2025-04-22 15:47:49.802126+07:00
Crewneck 415,3617440.0,3.1,3,XXL,Men,https://picsum.photos/280/350?random=415,2025-04-22 15:47:49.802126+07:00
T-shirt 416,4454080.0,3.1,3,S,Women,https://picsum.photos/280/350?random=416,2025-04-22 15:47:49.802126+07:00
Hoodie 417,2769440.0,4.6,3,M,Unisex,https://picsum.photos/280/350?random=417,2025-04-22 15:47:49.802126+07:00
Pants 418,6307840.0,5.0,3,L,Men,https://picsum.photos/280/350?random=418,2025-04-22 15:47:49.802126+07:00
Outerwear 419,7004000.0,5.0,3,XL,Women,https://picsum.photos/280/350?random=419,2025-04-22 15:47:49.802126+07:00
Jacket 420,2472640.0,3.1,3,XXL,Unisex,https://picsum.photos/280/350?random=420,2025-04-22 15:47:49.802126+07:00
T-shirt 422,924320.0,3.9,3,M,Women,https://picsum.photos/280/350?random=422,2025-04-22 15:47:49.802126+07:00
Hoodie 423,4601760.0,3.7,3,L,Unisex,https://picsum.photos/280/350?random=423,2025-04-22 15:47:49.802126+07:00
Pants 424,3865760.0,4.4,3,XL,Men,https://picsum.photos/280/350?random=424,2025-04-22 15:47:49.802126+07:00
Outerwear 425,2528480.0,4.8,3,XXL,Women,https://picsum.photos/280/350?random=425,2025-04-22 15:47:49.802126+07:00
Jacket 426,3462400.0,3.4,3,S,Unisex,https://picsum.photos/280/350?random=426,2025-04-22 15:47:49.802126+07:00
Crewneck 427,6375200.0,3.3,3,M,Men,https://picsum.photos/280/350?random=427,2025-04-22 15:47:49.802126+07:00
T-shirt 428,7053120.0,4.9,3,L,Women,https://picsum.photos/280/350?random=428,2025-04-22 15:47:49.802126+07:00
Hoodie 429,1658560.0,4.9,3,XL,Unisex,https://picsum.photos/280/350?random=429,2025-04-22 15:47:49.802126+07:00
Pants 430,1442080.0,3.9,3,XXL,Men,https://picsum.photos/280/350?random=430,2025-04-22 15:47:49.802126+07:00
Jacket 432,2151840.0,4.5,3,M,Unisex,https://picsum.photos/280/350?random=432,2025-04-22 15:47:49.802126+07:00
Crewneck 433,3872480.0,4.2,3,L,Men,https://picsum.photos/280/350?random=433,2025-04-22 15:47:49.802126+07:00
T-shirt 434,6557120.0,4.9,3,XL,Women,https://picsum.photos/280/350?random=434,2025-04-22 15:47:49.802126+07:00
Hoodie 435,1015680.0,4.0,3,XXL,Unisex,https://picsum.photos/280/350?random=435,2025-04-22 15:47:49.802126+07:00
Outerwear 437,1016800.0,3.9,3,M,Women,https://picsum.photos/280/350?random=437,2025-04-22 15:47:49.802126+07:00
Jacket 438,2453120.0,4.5,3,L,Unisex,https://picsum.photos/280/350?random=438,2025-04-22 15:47:49.802126+07:00
Crewneck 439,4005440.0,3.2,3,XL,Men,https://picsum.photos/280/350?random=439,2025-04-22 15:47:49.802126+07:00
T-shirt 440,5326080.0,3.0,3,XXL,Women,https://picsum.photos/280/350?random=440,2025-04-22 15:47:49.802126+07:00
Pants 442,4701600.0,4.3,3,M,Men,https://picsum.photos/280/350?random=442,2025-04-22 15:47:49.802126+07:00
Outerwear 443,7262720.0,4.2,3,L,Women,https://picsum.photos/280/350?random=443,2025-04-22 15:47:49.802126+07:00
Jacket 444,4016960.0,3.3,3,XL,Unisex,https://picsum.photos/280/350?random=444,2025-04-22 15:47:49.802126+07:00
Crewneck 445,3574240.0,4.5,3,XXL,Men,https://picsum.photos/280/350?random=445,2025-04-22 15:47:49.802126+07:00
T-shirt 446,7740160.0,3.2,3,S,Women,https://picsum.photos/280/350?random=446,2025-04-22 15:47:49.802126+07:00
Hoodie 447,4748640.0,4.0,3,M,Unisex,https://picsum.photos/280/350?random=447,2025-04-22 15:47:49.802126+07:00
Pants 448,820160.0,4.4,3,L,Men,https://picsum.photos/280/350?random=448,2025-04-22 15:47:49.802126+07:00
Outerwear 449,6410080.0,4.0,3,XL,Women,https://picsum.photos/280/350?random=449,2025-04-22 15:47:49.802126+07:00
Jacket 450,8754880.0,3.1,3,XXL,Unisex,https://picsum.photos/280/350?random=450,2025-04-22 15:47:49.802126+07:00
T-shirt 452,6892800.0,4.4,3,M,Women,https://picsum.photos/280/350?random=452,2025-04-22 15:47:49.802126+07:00
Hoodie 453,6576960.0,4.2,3,L,Unisex,https://picsum.photos/280/350?random=453,2025-04-22 15:47:49.802126+07:00
Pants 454,2179520.0,5.0,3,XL,Men,https://picsum.photos/280/350?random=454,2025-04-22 15:47:49.802126+07:00
Outerwear 455,1094080.0,4.8,3,XXL,Women,https://picsum.photos/280/350?random=455,2025-04-22 15:47:49.802126+07:00
Jacket 456,8096000.0,4.1,3,S,Unisex,https://picsum.photos/280/350?random=456,2025-04-22 15:47:49.802126+07:00
Crewneck 457,7342880.0,4.8,3,M,Men,https://picsum.photos/280/350?random=457,2025-04-22 15:47:49.802126+07:00
T-shirt 458,4240000.0,4.4,3,L,Women,https://picsum.photos/280/350?random=458,2025-04-22 15:47:49.802126+07:00
Hoodie 459,3237280.0,3.5,3,XL,Unisex,https://picsum.photos/280/350?random=459,2025-04-22 15:47:49.802126+07:00
Pants 460,1880800.0,3.6,3,XXL,Men,https://picsum.photos/280/350?random=460,2025-04-22 15:47:49.802126+07:00
Jacket 462,6767840.0,4.5,3,M,Unisex,https://picsum.photos/280/350?random=462,2025-04-22 15:47:49.802126+07:00
Crewneck 463,7539520.0,4.5,3,L,Men,https://picsum.photos/280/350?random=463,2025-04-22 15:47:49.802126+07:00
T-shirt 464,6070080.0,4.5,3,XL,Women,https://picsum.photos/280/350?random=464,2025-04-22 15:47:49.802126+07:00
Hoodie 465,6164320.0,4.7,3,XXL,Unisex,https://picsum.photos/280/350?random=465,2025-04-22 15:47:49.802126+07:00
Outerwear 467,1325920.0,3.5,3,M,Women,https://picsum.photos/280/350?random=467,2025-04-22 15:47:49.802126+07:00
Jacket 468,4584960.0,3.7,3,L,Unisex,https://picsum.photos/280/350?random=468,2025-04-22 15:47:49.802126+07:00
Crewneck 469,1738880.0,4.2,3,XL,Men,https://picsum.photos/280/350?random=469,2025-04-22 15:47:49.802126+07:00
T-shirt 470,7738880.0,3.1,3,XXL,Women,https://picsum.photos/280/350?random=470,2025-04-22 15:47:49.802126+07:00
Pants 472,3902080.0,3.1,3,M,Men,https://picsum.photos/280/350?random=472,2025-04-22 15:47:49.802126+07:00
Outerwear 473,5478080.0,4.2,3,L,Women,https://picsum.photos/280/350?random=473,2025-04-22 15:47:49.802126+07:00
Jacket 474,5864960.0,4.7,3,XL,Unisex,https://picsum.photos/280/350?random=474,2025-04-22 15:47:49.802126+07:00
Crewneck 475,7017280.0,4.6,3,XXL,Men,https://picsum.photos/280/350?random=475,2025-04-22 15:47:49.802126+07:00
T-shirt 476,3986240.0,4.3,3,S,Women,https://picsum.photos/280/350?random=476,2025-04-22 15:47:49.802126+07:00
Hoodie 477,6626080.0,4.2,3,M,Unisex,https://picsum.photos/280/350?random=477,2025-04-22 15:47:49.802126+07:00
Pants 478,4912000.0,3.8,3,L,Men,https://picsum.photos/280/350?random=478,2025-04-22 15:47:49.802126+07:00
Outerwear 479,7302400.0,4.4,3,XL,Women,https://picsum.photos/280/350?random=479,2025-04-22 15:47:49.802126+07:00
Jacket 480,4986240.0,4.2,3,XXL,Unisex,https://picsum.photos/280/350?random=480,2025-04-22 15:47:49.802126+07:00
T-shirt 482,3352480.0,4.8,3,M,Women,https://picsum.photos/280/350?random=482,2025-04-22 15:47:49.802126+07:00
Hoodie 483,4035040.0,4.2,3,L,Unisex,https://picsum.photos/280/350?random=483,2025-04-22 15:47:49.802126+07:00
Pants 484,6428640.0,4.1,3,XL,Men,https://picsum.photos/280/350?random=484,2025-04-22 15:47:49.802126+07:00
Outerwear 485,4044480.0,4.7,3,XXL,Women,https://picsum.photos/280/350?random=485,2025-04-22 15:47:49.802126+07:00
Jacket 486,2573760.0,3.0,3,S,Unisex,https://picsum.photos/280/350?random=486,2025-04-22 15:47:49.802126+07:00
Crewneck 487,6955520.0,3.7,3,M,Men,https://picsum.photos/280/350?random=487,2025-04-22 15:47:49.802126+07:00
T-shirt 488,8789760.0,3.8,3,L,Women,https://picsum.photos/280/350?random=488,2025-04-22 15:47:49.802126+07:00
Hoodie 489,3554560.0,5.0,3,XL,Unisex,https://picsum.photos/280/350?random=489,2025-04-22 15:47:49.802126+07:00
Pants 490,7081600.0,3.1,3,XXL,Men,https://picsum.photos/280/350?random=490,2025-04-22 15:47:49.802126+07:00
Jacket 492,6011840.0,3.0,3,M,Unisex,https://picsum.photos/280/350?random=492,2025-04-22 15:47:49.802126+07:00
Crewneck 493,5071520.0,4.8,3,L,Men,https://picsum.photos/280/350?random=493,2025-04-22 15:47:49.802126+07:00
T-shirt 494,1390080.0,3.4,3,XL,Women,https://picsum.photos/280/350?random=494,2025-04-22 15:47:49.802126+07:00
Hoodie 495,1663200.0,4.5,3,XXL,Unisex,https://picsum.photos/280/350?random=495,2025-04-22 15:47:49.802126+07:00
Outerwear 497,3957760.0,4.4,3,M,Women,https://picsum.photos/280/350?random=497,2025-04-22 15:47:49.802126+07:00
Jacket 498,4412800.0,4.6,3,L,Unisex,https://picsum.photos/280/350?random=498,2025-04-22 15:47:49.802126+07:00
Crewneck 499,7825920.0,4.1,3,XL,Men,https://picsum.photos/280/350?random=499,2025-04-22 15:47:49.802126+07:00
T-shirt 500,8114400.0,4.2,3,XXL,Women,https://picsum.photos/280/350?random=500,2025-04-22 15:47:49.802126+07:00
Pants 502,7132480.0,4.4,3,M,Men,https://picsum.photos/280/350?random=502,2025-04-22 15:47:49.802126+07:00
Outerwear 503,4924480.0,4.8,3,L,Women,https://picsum.photos/280/350?random=503,2025-04-22 15:47:49.802126+07:00
Jacket 504,8024480.0,5.0,3,XL,Unisex,https://picsum.photos/280/350?random=504,2025-04-22 15:47:49.802126+07:00
Crewneck 505,8747680.0,4.3,3,XXL,Men,https://picsum.photos/280/350?random=505,2025-04-22 15:47:49.802126+07:00
T-shirt 506,8572000.0,3.6,3,S,Women,https://picsum.photos/280/350?random=506,2025-04-22 15:47:49.802126+07:00
Hoodie 507,6844000.0,4.7,3,M,Unisex,https://picsum.photos/280/350?random=507,2025-04-22 15:47:49.802126+07:00
Pants 508,7766080.0,3.5,3,L,Men,https://picsum.photos/280/350?random=508,2025-04-22 15:47:49.802126+07:00
Outerwear 509,7178400.0,3.1,3,XL,Women,https://picsum.photos/280/350?random=509,2025-04-22 15:47:49.802126+07:00
Jacket 510,1562080.0,3.4,3,XXL,Unisex,https://picsum.photos/280/350?random=510,2025-04-22 15:47:49.802126+07:00
T-shirt 512,4319680.0,3.7,3,M,Women,https://picsum.photos/280/350?random=512,2025-04-22 15:47:49.802126+07:00
Hoodie 513,1693760.0,4.4,3,L,Unisex,https://picsum.photos/280/350?random=513,2025-04-22 15:47:49.802126+07:00
Pants 514,6888960.0,3.9,3,XL,Men,https://picsum.photos/280/350?random=514,2025-04-22 15:47:49.802126+07:00
Outerwear 515,7262560.0,3.1,3,XXL,Women,https://picsum.photos/280/350?random=515,2025-04-22 15:47:49.802126+07:00
Jacket 516,7130720.0,3.4,3,S,Unisex,https://picsum.photos/280/350?random=516,2025-04-22 15:47:49.802126+07:00
Crewneck 517,1069280.0,3.5,3,M,Men,https://picsum.photos/280/350?random=517,2025-04-22 15:47:49.802126+07:00
T-shirt 518,2575680.0,4.1,3,L,Women,https://picsum.photos/280/350?random=518,2025-04-22 15:47:49.802126+07:00
Hoodie 519,2236160.0,4.5,3,XL,Unisex,https://picsum.photos/280/350?random=519,2025-04-22 15:47:49.802126+07:00
Pants 520,2308320.0,3.8,3,XXL,Men,https://picsum.photos/280/350?random=520,2025-04-22 15:47:49.802126+07:00
Jacket 522,6292960.0,4.0,3,M,Unisex,https://picsum.photos/280/350?random=522,2025-04-22 15:47:49.802126+07:00
Crewneck 523,3626720.0,4.6,3,L,Men,https://picsum.photos/280/350?random=523,2025-04-22 15:47:49.802126+07:00
T-shirt 524,936000.0,3.8,3,XL,Women,https://picsum.photos/280/350?random=524,2025-04-22 15:47:49.802126+07:00
Hoodie 525,7919040.0,3.6,3,XXL,Unisex,https://picsum.photos/280/350?random=525,2025-04-22 15:47:49.802126+07:00
Outerwear 527,4669280.0,3.6,3,M,Women,https://picsum.photos/280/350?random=527,2025-04-22 15:47:49.802126+07:00
Jacket 528,5595840.0,4.0,3,L,Unisex,https://picsum.photos/280/350?random=528,2025-04-22 15:47:49.802126+07:00
Crewneck 529,1420160.0,3.2,3,XL,Men,https://picsum.photos/280/350?random=529,2025-04-22 15:47:49.802126+07:00
T-shirt 530,6173760.0,3.3,3,XXL,Women,https://picsum.photos/280/350?random=530,2025-04-22 15:47:49.802126+07:00
Pants 532,8391200.0,4.1,3,M,Men,https://picsum.photos/280/350?random=532,2025-04-22 15:47:49.802126+07:00
Outerwear 533,3370240.0,4.2,3,L,Women,https://picsum.photos/280/350?random=533,2025-04-22 15:47:49.802126+07:00
Jacket 534,3479200.0,3.7,3,XL,Unisex,https://picsum.photos/280/350?random=534,2025-04-22 15:47:49.802126+07:00
Crewneck 535,3901280.0,3.7,3,XXL,Men,https://picsum.photos/280/350?random=535,2025-04-22 15:47:49.802126+07:00
T-shirt 536,5092480.0,3.0,3,S,Women,https://picsum.photos/280/350?random=536,2025-04-22 15:47:49.802126+07:00
Hoodie 537,8671840.0,3.1,3,M,Unisex,https://picsum.photos/280/350?random=537,2025-04-22 15:47:49.802126+07:00
Pants 538,6134240.0,3.4,3,L,Men,https://picsum.photos/280/350?random=538,2025-04-22 15:47:49.802126+07:00
Outerwear 539,4692640.0,4.7,3,XL,Women,https://picsum.photos/280/350?random=539,2025-04-22 15:47:49.802126+07:00
Jacket 540,7051840.0,4.4,3,XXL,Unisex,https://picsum.photos/280/350?random=540,2025-04-22 15:47:49.802126+07:00
T-shirt 542,4761440.0,3.5,3,M,Women,https://picsum.photos/280/350?random=542,2025-04-22 15:47:49.802126+07:00
Hoodie 543,8715680.0,4.7,3,L,Unisex,https://picsum.photos/280/350?random=543,2025-04-22 15:47:49.802126+07:00
Pants 544,5957760.0,3.1,3,XL,Men,https://picsum.photos/280/350?random=544,2025-04-22 15:47:49.802126+07:00
Outerwear 545,3579360.0,4.0,3,XXL,Women,https://picsum.photos/280/350?random=545,2025-04-22 15:47:49.802126+07:00
Jacket 546,6271520.0,3.3,3,S,Unisex,https://picsum.photos/280/350?random=546,2025-04-22 15:47:49.802126+07:00
Crewneck 547,5361120.0,3.9,3,M,Men,https://picsum.photos/280/350?random=547,2025-04-22 15:47:49.802126+07:00
T-shirt 548,2686240.0,4.6,3,L,Women,https://picsum.photos/280/350?random=548,2025-04-22 15:47:49.802126+07:00
Hoodie 549,2687200.0,3.7,3,XL,Unisex,https://picsum.photos/280/350?random=549,2025-04-22 15:47:49.802126+07:00
Pants 550,4450080.0,4.9,3,XXL,Men,https://picsum.photos/280/350?random=550,2025-04-22 15:47:49.802126+07:00
Jacket 552,5380320.0,4.1,3,M,Unisex,https://picsum.photos/280/350?random=552,2025-04-22 15:47:49.802126+07:00
Crewneck 553,7760800.0,3.8,3,L,Men,https://picsum.photos/280/350?random=553,2025-04-22 15:47:49.802126+07:00
T-shirt 554,4001120.0,4.5,3,XL,Women,https://picsum.photos/280/350?random=554,2025-04-22 15:47:49.802126+07:00
Hoodie 555,1809600.0,3.0,3,XXL,Unisex,https://picsum.photos/280/350?random=555,2025-04-22 15:47:49.802126+07:00
Outerwear 557,5460480.0,3.4,3,M,Women,https://picsum.photos/280/350?random=557,2025-04-22 15:47:49.802126+07:00
Jacket 558,5007040.0,4.0,3,L,Unisex,https://picsum.photos/280/350?random=558,2025-04-22 15:47:49.802126+07:00
Crewneck 559,1590880.0,3.5,3,XL,Men,https://picsum.photos/280/350?random=559,2025-04-22 15:47:49.802126+07:00
T-shirt 560,6885280.0,4.2,3,XXL,Women,https://picsum.photos/280/350?random=560,2025-04-22 15:47:49.802126+07:00
Pants 562,3724160.0,4.5,3,M,Men,https://picsum.photos/280/350?random=562,2025-04-22 15:47:49.802126+07:00
Outerwear 563,8197440.000000001,4.7,3,L,Women,https://picsum.photos/280/350?random=563,2025-04-22 15:47:49.802126+07:00
Jacket 564,8319200.000000001,4.3,3,XL,Unisex,https://picsum.photos/280/350?random=564,2025-04-22 15:47:49.802126+07:00
Crewneck 565,7635200.0,3.5,3,XXL,Men,https://picsum.photos/280/350?random=565,2025-04-22 15:47:49.802126+07:00
T-shirt 566,2611360.0,4.6,3,S,Women,https://picsum.photos/280/350?random=566,2025-04-22 15:47:49.802126+07:00
Hoodie 567,4576160.0,3.2,3,M,Unisex,https://picsum.photos/280/350?random=567,2025-04-22 15:47:49.802126+07:00
Pants 568,2984160.0,3.3,3,L,Men,https://picsum.photos/280/350?random=568,2025-04-22 15:47:49.802126+07:00
Outerwear 569,4966880.0,4.7,3,XL,Women,https://picsum.photos/280/350?random=569,2025-04-22 15:47:49.802126+07:00
Jacket 570,4000960.0,3.9,3,XXL,Unisex,https://picsum.photos/280/350?random=570,2025-04-22 15:47:49.802126+07:00
T-shirt 572,4756320.0,3.2,3,M,Women,https://picsum.photos/280/350?random=572,2025-04-22 15:47:49.802126+07:00
Hoodie 573,6954080.0,4.5,3,L,Unisex,https://picsum.photos/280/350?random=573,2025-04-22 15:47:49.802126+07:00
Pants 574,2424000.0,3.8,3,XL,Men,https://picsum.photos/280/350?random=574,2025-04-22 15:47:49.802126+07:00
Outerwear 575,3517760.0,3.4,3,XXL,Women,https://picsum.photos/280/350?random=575,2025-04-22 15:47:49.802126+07:00
Jacket 576,805600.0,3.5,3,S,Unisex,https://picsum.photos/280/350?random=576,2025-04-22 15:47:49.802126+07:00
Crewneck 577,7873920.0,3.3,3,M,Men,https://picsum.photos/280/350?random=577,2025-04-22 15:47:49.802126+07:00
T-shirt 578,7958880.0,4.1,3,L,Women,https://picsum.photos/280/350?random=578,2025-04-22 15:47:49.802126+07:00
Hoodie 579,4428640.0,4.4,3,XL,Unisex,https://picsum.photos/280/350?random=579,2025-04-22 15:47:49.802126+07:00
Pants 580,2625440.0,3.3,3,XXL,Men,https://picsum.photos/280/350?random=580,2025-04-22 15:47:49.802126+07:00
Jacket 582,4112160.0,4.1,3,M,Unisex,https://picsum.photos/280/350?random=582,2025-04-22 15:47:49.802126+07:00
Crewneck 583,5737760.0,4.5,3,L,Men,https://picsum.photos/280/350?random=583,2025-04-22 15:47:49.802126+07:00
T-shirt 584,6964960.0,4.8,3,XL,Women,https://picsum.photos/280/350?random=584,2025-04-22 15:47:49.802126+07:00
Hoodie 585,6186880.0,4.9,3,XXL,Unisex,https://picsum.photos/280/350?random=585,2025-04-22 15:47:49.802126+07:00
Outerwear 587,4424960.0,4.4,3,M,Women,https://picsum.photos/280/350?random=587,2025-04-22 15:47:49.802126+07:00
Jacket 588,4963040.0,4.7,3,L,Unisex,https://picsum.photos/280/350?random=588,2025-04-22 15:47:49.802126+07:00
Crewneck 589,931840.0,4.7,3,XL,Men,https://picsum.photos/280/350?random=589,2025-04-22 15:47:49.802126+07:00
T-shirt 590,6457120.0,3.9,3,XXL,Women,https://picsum.photos/280/350?random=590,2025-04-22 15:47:49.802126+07:00
Pants 592,6805440.0,4.3,3,M,Men,https://picsum.photos/280/350?random=592,2025-04-22 15:47:49.802126+07:00
Outerwear 593,7163840.0,3.9,3,L,Women,https://picsum.photos/280/350?random=593,2025-04-22 15:47:49.802126+07:00
Jacket 594,8707680.0,4.2,3,XL,Unisex,https://picsum.photos/280/350?random=594,2025-04-22 15:47:49.802126+07:00
Crewneck 595,3723840.0,3.5,3,XXL,Men,https://picsum.photos/280/350?random=595,2025-04-22 15:47:49.802126+07:00
T-shirt 596,8290400.0,4.4,3,S,Women,https://picsum.photos/280/350?random=596,2025-04-22 15:47:49.802126+07:00
Hoodie 597,7969440.0,3.3,3,M,Unisex,https://picsum.photos/280/350?random=597,2025-04-22 15:47:49.802126+07:00
Pants 598,4714080.0,4.1,3,L,Men,https://picsum.photos/280/350?random=598,2025-04-22 15:47:49.802126+07:00
Outerwear 599,1179040.0,3.3,3,XL,Women,https://picsum.photos/280/350?random=599,2025-04-22 15:47:49.802126+07:00
Jacket 600,6414080.0,3.0,3,XXL,Unisex,https://picsum.photos/280/350?random=600,2025-04-22 15:47:49.802126+07:00
T-shirt 602,2260960.0,4.4,3,M,Women,https://picsum.photos/280/350?random=602,2025-04-22 15:47:49.802126+07:00
Hoodie 603,7511520.0,3.1,3,L,Unisex,https://picsum.photos/280/350?random=603,2025-04-22 15:47:49.802126+07:00
Pants 604,7662240.0,4.3,3,XL,Men,https://picsum.photos/280/350?random=604,2025-04-22 15:47:49.802126+07:00
Outerwear 605,1710720.0,3.7,3,XXL,Women,https://picsum.photos/280/350?random=605,2025-04-22 15:47:49.802126+07:00
Jacket 606,5770720.0,4.6,3,S,Unisex,https://picsum.photos/280/350?random=606,2025-04-22 15:47:49.802126+07:00
Crewneck 607,3857600.0,3.1,3,M,Men,https://picsum.photos/280/350?random=607,2025-04-22 15:47:49.802126+07:00
T-shirt 608,7047840.0,4.6,3,L,Women,https://picsum.photos/280/350?random=608,2025-04-22 15:47:49.802126+07:00
Hoodie 609,2956320.0,4.1,3,XL,Unisex,https://picsum.photos/280/350?random=609,2025-04-22 15:47:49.802126+07:00
Pants 610,4515360.0,3.3,3,XXL,Men,https://picsum.photos/280/350?random=610,2025-04-22 15:47:49.802126+07:00
Jacket 612,3202720.0,3.1,3,M,Unisex,https://picsum.photos/280/350?random=612,2025-04-22 15:47:49.802126+07:00
Crewneck 613,1013920.0,3.6,3,L,Men,https://picsum.photos/280/350?random=613,2025-04-22 15:47:49.802126+07:00
T-shirt 614,2428160.0,3.1,3,XL,Women,https://picsum.photos/280/350?random=614,2025-04-22 15:47:49.802126+07:00
Hoodie 615,4798720.0,4.8,3,XXL,Unisex,https://picsum.photos/280/350?random=615,2025-04-22 15:47:49.802126+07:00
Outerwear 617,1765920.0,4.3,3,M,Women,https://picsum.photos/280/350?random=617,2025-04-22 15:47:49.802126+07:00
Jacket 618,6474080.0,3.3,3,L,Unisex,https://picsum.photos/280/350?random=618,2025-04-22 15:47:49.802126+07:00
Crewneck 619,8340639.999999999,4.4,3,XL,Men,https://picsum.photos/280/350?random=619,2025-04-22 15:47:49.802126+07:00
T-shirt 620,2270240.0,3.3,3,XXL,Women,https://picsum.photos/280/350?random=620,2025-04-22 15:47:49.802126+07:00
Pants 622,4849600.0,3.5,3,M,Men,https://picsum.photos/280/350?random=622,2025-04-22 15:47:49.802126+07:00
Outerwear 623,7299520.0,4.6,3,L,Women,https://picsum.photos/280/350?random=623,2025-04-22 15:47:49.802126+07:00
Jacket 624,6943200.0,3.9,3,XL,Unisex,https://picsum.photos/280/350?random=624,2025-04-22 15:47:49.802126+07:00
Crewneck 625,7826400.0,4.1,3,XXL,Men,https://picsum.photos/280/350?random=625,2025-04-22 15:47:49.802126+07:00
T-shirt 626,7777440.0,4.5,3,S,Women,https://picsum.photos/280/350?random=626,2025-04-22 15:47:49.802126+07:00
Hoodie 627,1232320.0,3.2,3,M,Unisex,https://picsum.photos/280/350?random=627,2025-04-22 15:47:49.802126+07:00
Pants 628,8113120.0,4.3,3,L,Men,https://picsum.photos/280/350?random=628,2025-04-22 15:47:49.802126+07:00
Outerwear 629,3997920.0,4.4,3,XL,Women,https://picsum.photos/280/350?random=629,2025-04-22 15:47:49.802126+07:00
Jacket 630,1003680.0,3.8,3,XXL,Unisex,https://picsum.photos/280/350?random=630,2025-04-22 15:47:49.802126+07:00
T-shirt 632,4314240.0,3.6,3,M,Women,https://picsum.photos/280/350?random=632,2025-04-22 15:47:49.802126+07:00
Hoodie 633,3128000.0,3.1,3,L,Unisex,https://picsum.photos/280/350?random=633,2025-04-22 15:47:49.802126+07:00
Pants 634,8535680.0,3.9,3,XL,Men,https://picsum.photos/280/350?random=634,2025-04-22 15:47:49.802126+07:00
Outerwear 635,6897120.0,4.1,3,XXL,Women,https://picsum.photos/280/350?random=635,2025-04-22 15:47:49.802126+07:00
Jacket 636,3476320.0,4.5,3,S,Unisex,https://picsum.photos/280/350?random=636,2025-04-22 15:47:49.802126+07:00
Crewneck 637,6030240.0,4.0,3,M,Men,https://picsum.photos/280/350?random=637,2025-04-22 15:47:49.802126+07:00
T-shirt 638,5220960.0,4.6,3,L,Women,https://picsum.photos/280/350?random=638,2025-04-22 15:47:49.802126+07:00
Hoodie 639,6782720.0,4.7,3,XL,Unisex,https://picsum.photos/280/350?random=639,2025-04-22 15:47:49.802126+07:00
Pants 640,3038560.0,3.8,3,XXL,Men,https://picsum.photos/280/350?random=640,2025-04-22 15:47:49.802126+07:00
Jacket 642,7747360.0,4.7,3,M,Unisex,https://picsum.photos/280/350?random=642,2025-04-22 15:47:49.802126+07:00
Crewneck 643,6116000.0,3.2,3,L,Men,https://picsum.photos/280/350?random=643,2025-04-22 15:47:49.802126+07:00
T-shirt 644,7479360.0,4.2,3,XL,Women,https://picsum.photos/280/350?random=644,2025-04-22 15:47:49.802126+07:00
Hoodie 645,3285440.0,3.3,3,XXL,Unisex,https://picsum.photos/280/350?random=645,2025-04-22 15:47:49.802126+07:00
Outerwear 647,4304960.0,3.8,3,M,Women,https://picsum.photos/280/350?random=647,2025-04-22 15:47:49.802126+07:00
Jacket 648,8699520.0,4.5,3,L,Unisex,https://picsum.photos/280/350?random=648,2025-04-22 15:47:49.802126+07:00
Crewneck 649,8588160.0,3.2,3,XL,Men,https://picsum.photos/280/350?random=649,2025-04-22 15:47:49.802126+07:00
T-shirt 650,8012800.0,3.4,3,XXL,Women,https://picsum.photos/280/350?random=650,2025-04-22 15:47:49.802126+07:00
Pants 652,6084960.0,3.3,3,M,Men,https://picsum.photos/280/350?random=652,2025-04-22 15:47:49.802126+07:00
Outerwear 653,2622080.0,4.0,3,L,Women,https://picsum.photos/280/350?random=653,2025-04-22 15:47:49.802126+07:00
Jacket 654,4089440.0,4.7,3,XL,Unisex,https://picsum.photos/280/350?random=654,2025-04-22 15:47:49.802126+07:00
Crewneck 655,1834240.0,4.1,3,XXL,Men,https://picsum.photos/280/350?random=655,2025-04-22 15:47:49.802126+07:00
T-shirt 656,2538720.0,4.2,3,S,Women,https://picsum.photos/280/350?random=656,2025-04-22 15:47:49.802126+07:00
Hoodie 657,8459040.0,4.8,3,M,Unisex,https://picsum.photos/280/350?random=657,2025-04-22 15:47:49.802126+07:00
Pants 658,6268320.0,3.8,3,L,Men,https://picsum.photos/280/350?random=658,2025-04-22 15:47:49.802126+07:00
Outerwear 659,1817920.0,3.3,3,XL,Women,https://picsum.photos/280/350?random=659,2025-04-22 15:47:49.802126+07:00
Jacket 660,8715200.0,3.5,3,XXL,Unisex,https://picsum.photos/280/350?random=660,2025-04-22 15:47:49.802126+07:00
T-shirt 662,1422720.0,4.5,3,M,Women,https://picsum.photos/280/350?random=662,2025-04-22 15:47:49.802126+07:00
Hoodie 663,7087200.0,4.0,3,L,Unisex,https://picsum.photos/280/350?random=663,2025-04-22 15:47:49.802126+07:00
Pants 664,8248639.999999999,3.5,3,XL,Men,https://picsum.photos/280/350?random=664,2025-04-22 15:47:49.802126+07:00
Outerwear 665,4033600.0,3.2,3,XXL,Women,https://picsum.photos/280/350?random=665,2025-04-22 15:47:49.802126+07:00
Jacket 666,4844000.0,3.9,3,S,Unisex,https://picsum.photos/280/350?random=666,2025-04-22 15:47:49.802126+07:00
Crewneck 667,1756640.0,3.7,3,M,Men,https://picsum.photos/280/350?random=667,2025-04-22 15:47:49.802126+07:00
T-shirt 668,5044640.0,3.7,3,L,Women,https://picsum.photos/280/350?random=668,2025-04-22 15:47:49.802126+07:00
Hoodie 669,2346080.0,3.3,3,XL,Unisex,https://picsum.photos/280/350?random=669,2025-04-22 15:47:49.802126+07:00
Pants 670,8406720.0,4.8,3,XXL,Men,https://picsum.photos/280/350?random=670,2025-04-22 15:47:49.802126+07:00
Jacket 672,4776160.0,4.5,3,M,Unisex,https://picsum.photos/280/350?random=672,2025-04-22 15:47:49.802126+07:00
Crewneck 673,2803360.0,4.7,3,L,Men,https://picsum.photos/280/350?random=673,2025-04-22 15:47:49.802126+07:00
T-shirt 674,3156640.0,3.1,3,XL,Women,https://picsum.photos/280/350?random=674,2025-04-22 15:47:49.802126+07:00
Hoodie 675,4314880.0,3.2,3,XXL,Unisex,https://picsum.photos/280/350?random=675,2025-04-22 15:47:49.802126+07:00
Outerwear 677,4657440.0,3.3,3,M,Women,https://picsum.photos/280/350?random=677,2025-04-22 15:47:49.802126+07:00
Jacket 678,2777120.0,4.3,3,L,Unisex,https://picsum.photos/280/350?random=678,2025-04-22 15:47:49.802126+07:00
Crewneck 679,6373120.0,3.2,3,XL,Men,https://picsum.photos/280/350?random=679,2025-04-22 15:47:49.802126+07:00
T-shirt 680,8164800.0,3.2,3,XXL,Women,https://picsum.photos/280/350?random=680,2025-04-22 15:47:49.802126+07:00
Pants 682,7616480.0,3.9,3,M,Men,https://picsum.photos/280/350?random=682,2025-04-22 15:47:49.802126+07:00
Outerwear 683,3907360.0,3.6,3,L,Women,https://picsum.photos/280/350?random=683,2025-04-22 15:47:49.802126+07:00
Jacket 684,7102560.0,3.5,3,XL,Unisex,https://picsum.photos/280/350?random=684,2025-04-22 15:47:49.802126+07:00
Crewneck 685,1495840.0,4.6,3,XXL,Men,https://picsum.photos/280/350?random=685,2025-04-22 15:47:49.802126+07:00
T-shirt 686,5381760.0,3.8,3,S,Women,https://picsum.photos/280/350?random=686,2025-04-22 15:47:49.802126+07:00
Hoodie 687,4220800.0,4.7,3,M,Unisex,https://picsum.photos/280/350?random=687,2025-04-22 15:47:49.802126+07:00
Pants 688,1487520.0,4.4,3,L,Men,https://picsum.photos/280/350?random=688,2025-04-22 15:47:49.802126+07:00
Outerwear 689,1939040.0,4.6,3,XL,Women,https://picsum.photos/280/350?random=689,2025-04-22 15:47:49.802126+07:00
Jacket 690,8782560.0,4.7,3,XXL,Unisex,https://picsum.photos/280/350?random=690,2025-04-22 15:47:49.802126+07:00
T-shirt 692,1416480.0,4.1,3,M,Women,https://picsum.photos/280/350?random=692,2025-04-22 15:47:49.802126+07:00
Hoodie 693,3031680.0,4.1,3,L,Unisex,https://picsum.photos/280/350?random=693,2025-04-22 15:47:49.802126+07:00
Pants 694,2466720.0,3.4,3,XL,Men,https://picsum.photos/280/350?random=694,2025-04-22 15:47:49.802126+07:00
Outerwear 695,959360.0,3.3,3,XXL,Women,https://picsum.photos/280/350?random=695,2025-04-22 15:47:49.802126+07:00
Jacket 696,5146240.0,4.2,3,S,Unisex,https://picsum.photos/280/350?random=696,2025-04-22 15:47:49.802126+07:00
Crewneck 697,6545120.0,5.0,3,M,Men,https://picsum.photos/280/350?random=697,2025-04-22 15:47:49.802126+07:00
T-shirt 698,2444960.0,4.1,3,L,Women,https://picsum.photos/280/350?random=698,2025-04-22 15:47:49.802126+07:00
Hoodie 699,5250240.0,4.5,3,XL,Unisex,https://picsum.photos/280/350?random=699,2025-04-22 15:47:49.802126+07:00
Pants 700,3526560.0,4.3,3,XXL,Men,https://picsum.photos/280/350?random=700,2025-04-22 15:47:49.802126+07:00
Jacket 702,4927680.0,4.3,3,M,Unisex,https://picsum.photos/280/350?random=702,2025-04-22 15:47:49.802126+07:00
Crewneck 703,2949120.0,4.2,3,L,Men,https://picsum.photos/280/350?random=703,2025-04-22 15:47:49.802126+07:00
T-shirt 704,6214240.0,4.1,3,XL,Women,https://picsum.photos/280/350?random=704,2025-04-22 15:47:49.802126+07:00
Hoodie 705,3042880.0,3.1,3,XXL,Unisex,https://picsum.photos/280/350?random=705,2025-04-22 15:47:49.802126+07:00
Outerwear 707,7746240.0,4.4,3,M,Women,https://picsum.photos/280/350?random=707,2025-04-22 15:47:49.802126+07:00
Jacket 708,8541280.0,4.3,3,L,Unisex,https://picsum.photos/280/350?random=708,2025-04-22 15:47:49.802126+07:00
Crewneck 709,7022400.0,3.9,3,XL,Men,https://picsum.photos/280/350?random=709,2025-04-22 15:47:49.802126+07:00
T-shirt 710,3751520.0,3.2,3,XXL,Women,https://picsum.photos/280/350?random=710,2025-04-22 15:47:49.802126+07:00
Pants 712,1510400.0,4.1,3,M,Men,https://picsum.photos/280/350?random=712,2025-04-22 15:47:49.802126+07:00
Outerwear 713,3142880.0,4.4,3,L,Women,https://picsum.photos/280/350?random=713,2025-04-22 15:47:49.802126+07:00
Jacket 714,892320.0,3.1,3,XL,Unisex,https://picsum.photos/280/350?random=714,2025-04-22 15:47:49.802126+07:00
Crewneck 715,7021760.0,3.9,3,XXL,Men,https://picsum.photos/280/350?random=715,2025-04-22 15:47:49.802126+07:00
T-shirt 716,3602560.0,4.9,3,S,Women,https://picsum.photos/280/350?random=716,2025-04-22 15:47:49.802126+07:00
Hoodie 717,1532800.0,3.6,3,M,Unisex,https://picsum.photos/280/350?random=717,2025-04-22 15:47:49.802126+07:00
Pants 718,4057120.0,3.2,3,L,Men,https://picsum.photos/280/350?random=718,2025-04-22 15:47:49.802126+07:00
Outerwear 719,3172960.0,4.7,3,XL,Women,https://picsum.photos/280/350?random=719,2025-04-22 15:47:49.802126+07:00
Jacket 720,2028320.0,3.8,3,XXL,Unisex,https://picsum.photos/280/350?random=720,2025-04-22 15:47:49.802126+07:00
T-shirt 722,8724320.0,3.2,3,M,Women,https://picsum.photos/280/350?random=722,2025-04-22 15:47:49.802126+07:00
Hoodie 723,5664800.0,3.4,3,L,Unisex,https://picsum.photos/280/350?random=723,2025-04-22 15:47:49.802126+07:00
Pants 724,4824800.0,4.7,3,XL,Men,https://picsum.photos/280/350?random=724,2025-04-22 15:47:49.802126+07:00
Outerwear 725,4979200.0,3.0,3,XXL,Women,https://picsum.photos/280/350?random=725,2025-04-22 15:47:49.802126+07:00
Jacket 726,6345920.0,3.5,3,S,Unisex,https://picsum.photos/280/350?random=726,2025-04-22 15:47:49.802126+07:00
Crewneck 727,4024000.0,4.8,3,M,Men,https://picsum.photos/280/350?random=727,2025-04-22 15:47:49.802126+07:00
T-shirt 728,8173440.0,3.0,3,L,Women,https://picsum.photos/280/350?random=728,2025-04-22 15:47:49.802126+07:00
Hoodie 729,6431360.0,3.6,3,XL,Unisex,https://picsum.photos/280/350?random=729,2025-04-22 15:47:49.802126+07:00
Pants 730,7228800.0,4.5,3,XXL,Men,https://picsum.photos/280/350?random=730,2025-04-22 15:47:49.802126+07:00
Jacket 732,6597600.0,3.9,3,M,Unisex,https://picsum.photos/280/350?random=732,2025-04-22 15:47:49.802126+07:00
Crewneck 733,1162880.0,4.7,3,L,Men,https://picsum.photos/280/350?random=733,2025-04-22 15:47:49.802126+07:00
T-shirt 734,6858560.0,4.2,3,XL,Women,https://picsum.photos/280/350?random=734,2025-04-22 15:47:49.802126+07:00
Hoodie 735,4664320.0,4.0,3,XXL,Unisex,https://picsum.photos/280/350?random=735,2025-04-22 15:47:49.802126+07:00
Outerwear 737,1015680.0,4.7,3,M,Women,https://picsum.photos/280/350?random=737,2025-04-22 15:47:49.802126+07:00
Jacket 738,1893920.0,3.7,3,L,Unisex,https://picsum.photos/280/350?random=738,2025-04-22 15:47:49.802126+07:00
Crewneck 739,8072960.0,3.3,3,XL,Men,https://picsum.photos/280/350?random=739,2025-04-22 15:47:49.802126+07:00
T-shirt 740,7016640.0,3.4,3,XXL,Women,https://picsum.photos/280/350?random=740,2025-04-22 15:47:49.802126+07:00
Pants 742,5626080.0,3.6,3,M,Men,https://picsum.photos/280/350?random=742,2025-04-22 15:47:49.802126+07:00
Outerwear 743,5678080.0,3.0,3,L,Women,https://picsum.photos/280/350?random=743,2025-04-22 15:47:49.802126+07:00
Jacket 744,5175680.0,4.1,3,XL,Unisex,https://picsum.photos/280/350?random=744,2025-04-22 15:47:49.802126+07:00
Crewneck 745,2882560.0,3.8,3,XXL,Men,https://picsum.photos/280/350?random=745,2025-04-22 15:47:49.802126+07:00
T-shirt 746,1517440.0,5.0,3,S,Women,https://picsum.photos/280/350?random=746,2025-04-22 15:47:49.802126+07:00
Hoodie 747,6326880.0,4.7,3,M,Unisex,https://picsum.photos/280/350?random=747,2025-04-22 15:47:49.802126+07:00
Pants 748,3134080.0,3.7,3,L,Men,https://picsum.photos/280/350?random=748,2025-04-22 15:47:49.802126+07:00
Outerwear 749,2627360.0,3.2,3,XL,Women,https://picsum.photos/280/350?random=749,2025-04-22 15:47:49.802126+07:00
Jacket 750,1030400.0000000001,3.7,3,XXL,Unisex,https://picsum.photos/280/350?random=750,2025-04-22 15:47:49.802126+07:00
T-shirt 752,7431520.0,3.8,3,M,Women,https://picsum.photos/280/350?random=752,2025-04-22 15:47:49.802126+07:00
Hoodie 753,8137600.0,4.8,3,L,Unisex,https://picsum.photos/280/350?random=753,2025-04-22 15:47:49.802126+07:00
Pants 754,7229760.0,3.1,3,XL,Men,https://picsum.photos/280/350?random=754,2025-04-22 15:47:49.802126+07:00
Outerwear 755,6910400.0,4.6,3,XXL,Women,https://picsum.photos/280/350?random=755,2025-04-22 15:47:49.802126+07:00
Jacket 756,7128000.0,3.1,3,S,Unisex,https://picsum.photos/280/350?random=756,2025-04-22 15:47:49.802126+07:00
Crewneck 757,7582720.0,4.4,3,M,Men,https://picsum.photos/280/350?random=757,2025-04-22 15:47:49.802126+07:00
T-shirt 758,6025920.0,3.1,3,L,Women,https://picsum.photos/280/350?random=758,2025-04-22 15:47:49.802126+07:00
Hoodie 759,2779840.0,4.7,3,XL,Unisex,https://picsum.photos/280/350?random=759,2025-04-22 15:47:49.802126+07:00
Pants 760,2191040.0,4.1,3,XXL,Men,https://picsum.photos/280/350?random=760,2025-04-22 15:47:49.802126+07:00
Jacket 762,4091840.0,4.9,3,M,Unisex,https://picsum.photos/280/350?random=762,2025-04-22 15:47:49.802126+07:00
Crewneck 763,5792640.0,3.9,3,L,Men,https://picsum.photos/280/350?random=763,2025-04-22 15:47:49.802126+07:00
T-shirt 764,7211680.0,3.4,3,XL,Women,https://picsum.photos/280/350?random=764,2025-04-22 15:47:49.802126+07:00
Hoodie 765,1343360.0,4.9,3,XXL,Unisex,https://picsum.photos/280/350?random=765,2025-04-22 15:47:49.802126+07:00
Outerwear 767,4152800.0,4.5,3,M,Women,https://picsum.photos/280/350?random=767,2025-04-22 15:47:49.802126+07:00
Jacket 768,5662080.0,4.9,3,L,Unisex,https://picsum.photos/280/350?random=768,2025-04-22 15:47:49.802126+07:00
Crewneck 769,6294560.0,3.3,3,XL,Men,https://picsum.photos/280/350?random=769,2025-04-22 15:47:49.802126+07:00
T-shirt 770,1655040.0,3.5,3,XXL,Women,https://picsum.photos/280/350?random=770,2025-04-22 15:47:49.802126+07:00
Pants 772,8748160.0,3.4,3,M,Men,https://picsum.photos/280/350?random=772,2025-04-22 15:47:49.802126+07:00
Outerwear 773,3393600.0,3.2,3,L,Women,https://picsum.photos/280/350?random=773,2025-04-22 15:47:49.802126+07:00
Jacket 774,1485760.0,4.1,3,XL,Unisex,https://picsum.photos/280/350?random=774,2025-04-22 15:47:49.802126+07:00
Crewneck 775,8189440.0,3.1,3,XXL,Men,https://picsum.photos/280/350?random=775,2025-04-22 15:47:49.802126+07:00
T-shirt 776,5333120.0,3.7,3,S,Women,https://picsum.photos/280/350?random=776,2025-04-22 15:47:49.802126+07:00
Hoodie 777,6104800.0,3.4,3,M,Unisex,https://picsum.photos/280/350?random=777,2025-04-22 15:47:49.802126+07:00
Pants 778,6034720.0,4.2,3,L,Men,https://picsum.photos/280/350?random=778,2025-04-22 15:47:49.802126+07:00
Outerwear 779,5816480.0,3.2,3,XL,Women,https://picsum.photos/280/350?random=779,2025-04-22 15:47:49.802126+07:00
Jacket 780,2767520.0,3.4,3,XXL,Unisex,https://picsum.photos/280/350?random=780,2025-04-22 15:47:49.802126+07:00
T-shirt 782,4117439.9999999995,4.5,3,M,Women,https://picsum.photos/280/350?random=782,2025-04-22 15:47:49.802126+07:00
Hoodie 783,2510720.0,3.0,3,L,Unisex,https://picsum.photos/280/350?random=783,2025-04-22 15:47:49.802126+07:00
Pants 784,5341280.0,3.0,3,XL,Men,https://picsum.photos/280/350?random=784,2025-04-22 15:47:49.802126+07:00
Outerwear 785,6444480.0,4.3,3,XXL,Women,https://picsum.photos/280/350?random=785,2025-04-22 15:47:49.802126+07:00
Jacket 786,6749280.0,5.0,3,S,Unisex,https://picsum.photos/280/350?random=786,2025-04-22 15:47:49.802126+07:00
Crewneck 787,4593600.0,4.7,3,M,Men,https://picsum.photos/280/350?random=787,2025-04-22 15:47:49.802126+07:00
T-shirt 788,3041120.0,4.7,3,L,Women,https://picsum.photos/280/350?random=788,2025-04-22 15:47:49.802126+07:00
Hoodie 789,2153280.0,4.0,3,XL,Unisex,https://picsum.photos/280/350?random=789,2025-04-22 15:47:49.802126+07:00
Pants 790,1708320.0,3.2,3,XXL,Men,https://picsum.photos/280/350?random=790,2025-04-22 15:47:49.802126+07:00
Jacket 792,4068960.0,3.8,3,M,Unisex,https://picsum.photos/280/350?random=792,2025-04-22 15:47:49.802126+07:00
Crewneck 793,8650080.0,4.0,3,L,Men,https://picsum.photos/280/350?random=793,2025-04-22 15:47:49.802126+07:00
T-shirt 794,5983040.0,4.0,3,XL,Women,https://picsum.photos/280/350?random=794,2025-04-22 15:47:49.802126+07:00
Hoodie 795,4209600.0,3.9,3,XXL,Unisex,https://picsum.photos/280/350?random=795,2025-04-22 15:47:49.802126+07:00
Outerwear 797,2771360.0,4.9,3,M,Women,https://picsum.photos/280/350?random=797,2025-04-22 15:47:49.802126+07:00
Jacket 798,4391040.0,3.4,3,L,Unisex,https://picsum.photos/280/350?random=798,2025-04-22 15:47:49.802126+07:00
Crewneck 799,4048800.0,4.2,3,XL,Men,https://picsum.photos/280/350?random=799,2025-04-22 15:47:49.802126+07:00
T-shirt 800,7433280.0,4.6,3,XXL,Women,https://picsum.photos/280/350?random=800,2025-04-22 15:47:49.802126+07:00
Pants 802,5710240.0,4.4,3,M,Men,https://picsum.photos/280/350?random=802,2025-04-22 15:47:49.802126+07:00
Outerwear 803,1875360.0,4.3,3,L,Women,https://picsum.photos/280/350?random=803,2025-04-22 15:47:49.802126+07:00
Jacket 804,4459040.0,3.9,3,XL,Unisex,https://picsum.photos/280/350?random=804,2025-04-22 15:47:49.802126+07:00
Crewneck 805,3266720.0,4.8,3,XXL,Men,https://picsum.photos/280/350?random=805,2025-04-22 15:47:49.802126+07:00
T-shirt 806,7310560.0,3.0,3,S,Women,https://picsum.photos/280/350?random=806,2025-04-22 15:47:49.802126+07:00
Hoodie 807,5016000.0,4.7,3,M,Unisex,https://picsum.photos/280/350?random=807,2025-04-22 15:47:49.802126+07:00
Pants 808,8717760.0,3.2,3,L,Men,https://picsum.photos/280/350?random=808,2025-04-22 15:47:49.802126+07:00
Outerwear 809,7162560.0,3.7,3,XL,Women,https://picsum.photos/280/350?random=809,2025-04-22 15:47:49.802126+07:00
Jacket 810,3796640.0,4.8,3,XXL,Unisex,https://picsum.photos/280/350?random=810,2025-04-22 15:47:49.802126+07:00
T-shirt 812,6406080.0,4.2,3,M,Women,https://picsum.photos/280/350?random=812,2025-04-22 15:47:49.802126+07:00
Hoodie 813,4872800.0,5.0,3,L,Unisex,https://picsum.photos/280/350?random=813,2025-04-22 15:47:49.802126+07:00
Pants 814,1110080.0,4.7,3,XL,Men,https://picsum.photos/280/350?random=814,2025-04-22 15:47:49.802126+07:00
Outerwear 815,5985440.0,4.8,3,XXL,Women,https://picsum.photos/280/350?random=815,2025-04-22 15:47:49.802126+07:00
Jacket 816,1649120.0,4.5,3,S,Unisex,https://picsum.photos/280/350?random=816,2025-04-22 15:47:49.802126+07:00
Crewneck 817,8744160.0,4.4,3,M,Men,https://picsum.photos/280/350?random=817,2025-04-22 15:47:49.802126+07:00
T-shirt 818,5160320.0,3.8,3,L,Women,https://picsum.photos/280/350?random=818,2025-04-22 15:47:49.802126+07:00
Hoodie 819,4742400.0,4.7,3,XL,Unisex,https://picsum.photos/280/350?random=819,2025-04-22 15:47:49.802126+07:00
Pants 820,6030720.0,3.4,3,XXL,Men,https://picsum.photos/280/350?random=820,2025-04-22 15:47:49.802126+07:00
Jacket 822,838240.0,4.2,3,M,Unisex,https://picsum.photos/280/350?random=822,2025-04-22 15:47:49.802126+07:00
Crewneck 823,6103520.0,4.7,3,L,Men,https://picsum.photos/280/350?random=823,2025-04-22 15:47:49.802126+07:00
T-shirt 824,3301440.0,4.1,3,XL,Women,https://picsum.photos/280/350?random=824,2025-04-22 15:47:49.802126+07:00
Hoodie 825,1058400.0,3.8,3,XXL,Unisex,https://picsum.photos/280/350?random=825,2025-04-22 15:47:49.802126+07:00
Outerwear 827,7091040.0,4.8,3,M,Women,https://picsum.photos/280/350?random=827,2025-04-22 15:47:49.802126+07:00
Jacket 828,2324000.0,4.6,3,L,Unisex,https://picsum.photos/280/350?random=828,2025-04-22 15:47:49.802126+07:00
Crewneck 829,4630400.0,4.4,3,XL,Men,https://picsum.photos/280/350?random=829,2025-04-22 15:47:49.802126+07:00
T-shirt 830,4496480.0,3.0,3,XXL,Women,https://picsum.photos/280/350?random=830,2025-04-22 15:47:49.802126+07:00
Pants 832,3955360.0,4.6,3,M,Men,https://picsum.photos/280/350?random=832,2025-04-22 15:47:49.802126+07:00
Outerwear 833,7101280.0,3.0,3,L,Women,https://picsum.photos/280/350?random=833,2025-04-22 15:47:49.802126+07:00
Jacket 834,7223680.0,3.1,3,XL,Unisex,https://picsum.photos/280/350?random=834,2025-04-22 15:47:49.802126+07:00
Crewneck 835,7143360.0,3.9,3,XXL,Men,https://picsum.photos/280/350?random=835,2025-04-22 15:47:49.802126+07:00
T-shirt 836,6065440.0,4.1,3,S,Women,https://picsum.photos/280/350?random=836,2025-04-22 15:47:49.802126+07:00
Hoodie 837,5532640.0,5.0,3,M,Unisex,https://picsum.photos/280/350?random=837,2025-04-22 15:47:49.802126+07:00
Pants 838,2848800.0,3.1,3,L,Men,https://picsum.photos/280/350?random=838,2025-04-22 15:47:49.802126+07:00
Outerwear 839,4208320.0,3.9,3,XL,Women,https://picsum.photos/280/350?random=839,2025-04-22 15:47:49.802126+07:00
Jacket 840,8164640.0,3.6,3,XXL,Unisex,https://picsum.photos/280/350?random=840,2025-04-22 15:47:49.802126+07:00
T-shirt 842,2859040.0,3.3,3,M,Women,https://picsum.photos/280/350?random=842,2025-04-22 15:47:49.802126+07:00
Hoodie 843,2997120.0,3.6,3,L,Unisex,https://picsum.photos/280/350?random=843,2025-04-22 15:47:49.802126+07:00
Pants 844,7422880.0,3.9,3,XL,Men,https://picsum.photos/280/350?random=844,2025-04-22 15:47:49.802126+07:00
Outerwear 845,2023200.0,3.2,3,XXL,Women,https://picsum.photos/280/350?random=845,2025-04-22 15:47:49.802126+07:00
Jacket 846,7480480.0,3.6,3,S,Unisex,https://picsum.photos/280/350?random=846,2025-04-22 15:47:49.802126+07:00
Crewneck 847,4789920.0,3.7,3,M,Men,https://picsum.photos/280/350?random=847,2025-04-22 15:47:49.802126+07:00
T-shirt 848,6134240.0,4.1,3,L,Women,https://picsum.photos/280/350?random=848,2025-04-22 15:47:49.802126+07:00
Hoodie 849,7816160.0,3.5,3,XL,Unisex,https://picsum.photos/280/350?random=849,2025-04-22 15:47:49.802126+07:00
Pants 850,4144160.0,4.2,3,XXL,Men,https://picsum.photos/280/350?random=850,2025-04-22 15:47:49.802126+07:00
Jacket 852,2777280.0,4.1,3,M,Unisex,https://picsum.photos/280/350?random=852,2025-04-22 15:47:49.802126+07:00
Crewneck 853,2643840.0,3.4,3,L,Men,https://picsum.photos/280/350?random=853,2025-04-22 15:47:49.802126+07:00
T-shirt 854,1600000.0,4.5,3,XL,Women,https://picsum.photos/280/350?random=854,2025-04-22 15:47:49.802126+07:00
Hoodie 855,3249760.0,5.0,3,XXL,Unisex,https://picsum.photos/280/350?random=855,2025-04-22 15:47:49.802126+07:00
Outerwear 857,4532800.0,3.0,3,M,Women,https://picsum.photos/280/350?random=857,2025-04-22 15:47:49.802126+07:00
Jacket 858,3748640.0,3.7,3,L,Unisex,https://picsum.photos/280/350?random=858,2025-04-22 15:47:49.802126+07:00
Crewneck 859,6418560.0,3.0,3,XL,Men,https://picsum.photos/280/350?random=859,2025-04-22 15:47:49.802126+07:00
T-shirt 860,2419360.0,4.7,3,XXL,Women,https://picsum.photos/280/350?random=860,2025-04-22 15:47:49.802126+07:00
Pants 862,4131359.9999999995,3.3,3,M,Men,https://picsum.photos/280/350?random=862,2025-04-22 15:47:49.802126+07:00
Outerwear 863,1071360.0,4.0,3,L,Women,https://picsum.photos/280/350?random=863,2025-04-22 15:47:49.802126+07:00
Jacket 864,2168000.0,4.5,3,XL,Unisex,https://picsum.photos/280/350?random=864,2025-04-22 15:47:49.802126+07:00
Crewneck 865,6805120.0,3.9,3,XXL,Men,https://picsum.photos/280/350?random=865,2025-04-22 15:47:49.802126+07:00
T-shirt 866,2399040.0,3.2,3,S,Women,https://picsum.photos/280/350?random=866,2025-04-22 15:47:49.802126+07:00
Hoodie 867,1303840.0,3.3,3,M,Unisex,https://picsum.photos/280/350?random=867,2025-04-22 15:47:49.802126+07:00
Pants 868,7473760.0,4.6,3,L,Men,https://picsum.photos/280/350?random=868,2025-04-22 15:47:49.802126+07:00
Outerwear 869,6040320.0,4.5,3,XL,Women,https://picsum.photos/280/350?random=869,2025-04-22 15:47:49.802126+07:00
Jacket 870,6395040.0,3.5,3,XXL,Unisex,https://picsum.photos/280/350?random=870,2025-04-22 15:47:49.802126+07:00
T-shirt 872,1343680.0,4.3,3,M,Women,https://picsum.photos/280/350?random=872,2025-04-22 15:47:49.802126+07:00
Hoodie 873,8321600.0,4.8,3,L,Unisex,https://picsum.photos/280/350?random=873,2025-04-22 15:47:49.802126+07:00
Pants 874,2755200.0,4.4,3,XL,Men,https://picsum.photos/280/350?random=874,2025-04-22 15:47:49.802126+07:00
Outerwear 875,2506720.0,4.6,3,XXL,Women,https://picsum.photos/280/350?random=875,2025-04-22 15:47:49.802126+07:00
Jacket 876,3225760.0,4.6,3,S,Unisex,https://picsum.photos/280/350?random=876,2025-04-22 15:47:49.802126+07:00
Crewneck 877,4552640.0,4.6,3,M,Men,https://picsum.photos/280/350?random=877,2025-04-22 15:47:49.802126+07:00
T-shirt 878,4809760.0,4.7,3,L,Women,https://picsum.photos/280/350?random=878,2025-04-22 15:47:49.802126+07:00
Hoodie 879,1026880.0000000001,3.1,3,XL,Unisex,https://picsum.photos/280/350?random=879,2025-04-22 15:47:49.802126+07:00
Pants 880,6497760.0,4.3,3,XXL,Men,https://picsum.photos/280/350?random=880,2025-04-22 15:47:49.802126+07:00
Jacket 882,6420960.0,3.3,3,M,Unisex,https://picsum.photos/280/350?random=882,2025-04-22 15:47:49.802126+07:00
Crewneck 883,5901120.0,3.6,3,L,Men,https://picsum.photos/280/350?random=883,2025-04-22 15:47:49.802126+07:00
T-shirt 884,7414720.0,4.3,3,XL,Women,https://picsum.photos/280/350?random=884,2025-04-22 15:47:49.802126+07:00
Hoodie 885,4760640.0,3.4,3,XXL,Unisex,https://picsum.photos/280/350?random=885,2025-04-22 15:47:49.802126+07:00
Outerwear 887,7806400.0,3.8,3,M,Women,https://picsum.photos/280/350?random=887,2025-04-22 15:47:49.802126+07:00
Jacket 888,7869280.0,4.2,3,L,Unisex,https://picsum.photos/280/350?random=888,2025-04-22 15:47:49.802126+07:00
Crewneck 889,6333920.0,4.6,3,XL,Men,https://picsum.photos/280/350?random=889,2025-04-22 15:47:49.802126+07:00
T-shirt 890,6439040.0,4.7,3,XXL,Women,https://picsum.photos/280/350?random=890,2025-04-22 15:47:49.802126+07:00
Pants 892,8515360.0,4.4,3,M,Men,https://picsum.photos/280/350?random=892,2025-04-22 15:47:49.802126+07:00
Outerwear 893,2673600.0,3.2,3,L,Women,https://picsum.photos/280/350?random=893,2025-04-22 15:47:49.802126+07:00
Jacket 894,2946560.0,4.8,3,XL,Unisex,https://picsum.photos/280/350?random=894,2025-04-22 15:47:49.802126+07:00
Crewneck 895,1126720.0,4.3,3,XXL,Men,https://picsum.photos/280/350?random=895,2025-04-22 15:47:49.802126+07:00
T-shirt 896,7873760.0,4.9,3,S,Women,https://picsum.photos/280/350?random=896,2025-04-22 15:47:49.802126+07:00
Hoodie 897,6077920.0,3.1,3,M,Unisex,https://picsum.photos/280/350?random=897,2025-04-22 15:47:49.802126+07:00
Pants 898,8408640.0,4.1,3,L,Men,https://picsum.photos/280/350?random=898,2025-04-22 15:47:49.802126+07:00
Outerwear 899,6192960.0,4.8,3,XL,Women,https://picsum.photos/280/350?random=899,2025-04-22 15:47:49.802126+07:00
Jacket 900,7214240.0,3.3,3,XXL,Unisex,https://picsum.photos/280/350?random=900,2025-04-22 15:47:49.802126+07:00
T-shirt 902,3164000.0,3.6,3,M,Women,https://picsum.photos/280/350?random=902,2025-04-22 15:47:49.802126+07:00
Hoodie 903,2617920.0,4.1,3,L,Unisex,https://picsum.photos/280/350?random=903,2025-04-22 15:47:49.802126+07:00
Pants 904,3356320.0,3.9,3,XL,Men,https://picsum.photos/280/350?random=904,2025-04-22 15:47:49.802126+07:00
Outerwear 905,5027840.0,4.9,3,XXL,Women,https://picsum.photos/280/350?random=905,2025-04-22 15:47:49.802126+07:00
Jacket 906,4301760.0,3.9,3,S,Unisex,https://picsum.photos/280/350?random=906,2025-04-22 15:47:49.802126+07:00
Crewneck 907,8732640.0,4.9,3,M,Men,https://picsum.photos/280/350?random=907,2025-04-22 15:47:49.802126+07:00
T-shirt 908,7954880.0,4.2,3,L,Women,https://picsum.photos/280/350?random=908,2025-04-22 15:47:49.802126+07:00
Hoodie 909,8383840.0,3.6,3,XL,Unisex,https://picsum.photos/280/350?random=909,2025-04-22 15:47:49.802126+07:00
Pants 910,2395200.0,4.7,3,XXL,Men,https://picsum.photos/280/350?random=910,2025-04-22 15:47:49.802126+07:00
Jacket 912,7853280.0,4.9,3,M,Unisex,https://picsum.photos/280/350?random=912,2025-04-22 15:47:49.802126+07:00
Crewneck 913,3222240.0,3.5,3,L,Men,https://picsum.photos/280/350?random=913,2025-04-22 15:47:49.802126+07:00
T-shirt 914,5799200.0,4.6,3,XL,Women,https://picsum.photos/280/350?random=914,2025-04-22 15:47:49.802126+07:00
Hoodie 915,2649120.0,4.2,3,XXL,Unisex,https://picsum.photos/280/350?random=915,2025-04-22 15:47:49.802126+07:00
Outerwear 917,6061600.0,4.0,3,M,Women,https://picsum.photos/280/350?random=917,2025-04-22 15:47:49.802126+07:00
Jacket 918,5380800.0,3.3,3,L,Unisex,https://picsum.photos/280/350?random=918,2025-04-22 15:47:49.802126+07:00
Crewneck 919,8364000.0,4.7,3,XL,Men,https://picsum.photos/280/350?random=919,2025-04-22 15:47:49.802126+07:00
T-shirt 920,3706080.0,3.2,3,XXL,Women,https://picsum.photos/280/350?random=920,2025-04-22 15:47:49.802126+07:00
Pants 922,1210880.0,4.4,3,M,Men,https://picsum.photos/280/350?random=922,2025-04-22 15:47:49.802126+07:00
Outerwear 923,2435840.0,3.7,3,L,Women,https://picsum.photos/280/350?random=923,2025-04-22 15:47:49.802126+07:00
Jacket 924,3764320.0,3.8,3,XL,Unisex,https://picsum.photos/280/350?random=924,2025-04-22 15:47:49.802126+07:00
Crewneck 925,7900800.0,4.5,3,XXL,Men,https://picsum.photos/280/350?random=925,2025-04-22 15:47:49.802126+07:00
T-shirt 926,1911040.0,4.6,3,S,Women,https://picsum.photos/280/350?random=926,2025-04-22 15:47:49.802126+07:00
Hoodie 927,7706400.0,3.5,3,M,Unisex,https://picsum.photos/280/350?random=927,2025-04-22 15:47:49.802126+07:00
Pants 928,3911680.0,3.4,3,L,Men,https://picsum.photos/280/350?random=928,2025-04-22 15:47:49.802126+07:00
Outerwear 929,1253440.0,3.3,3,XL,Women,https://picsum.photos/280/350?random=929,2025-04-22 15:47:49.802126+07:00
Jacket 930,1741120.0,4.9,3,XXL,Unisex,https://picsum.photos/280/350?random=930,2025-04-22 15:47:49.802126+07:00
T-shirt 932,5937600.0,4.2,3,M,Women,https://picsum.photos/280/350?random=932,2025-04-22 15:47:49.802126+07:00
Hoodie 933,4960800.0,3.4,3,L,Unisex,https://picsum.photos/280/350?random=933,2025-04-22 15:47:49.802126+07:00
Pants 934,2248160.0,3.6,3,XL,Men,https://picsum.photos/280/350?random=934,2025-04-22 15:47:49.802126+07:00
Outerwear 935,6048000.0,4.1,3,XXL,Women,https://picsum.photos/280/350?random=935,2025-04-22 15:47:49.802126+07:00
Jacket 936,6165440.0,3.1,3,S,Unisex,https://picsum.photos/280/350?random=936,2025-04-22 15:47:49.802126+07:00
Crewneck 937,2475360.0,4.1,3,M,Men,https://picsum.photos/280/350?random=937,2025-04-22 15:47:49.802126+07:00
T-shirt 938,4058400.0,3.6,3,L,Women,https://picsum.photos/280/350?random=938,2025-04-22 15:47:49.802126+07:00
Hoodie 939,4466080.0,4.8,3,XL,Unisex,https://picsum.photos/280/350?random=939,2025-04-22 15:47:49.802126+07:00
Pants 940,5776000.0,3.7,3,XXL,Men,https://picsum.photos/280/350?random=940,2025-04-22 15:47:49.802126+07:00
Jacket 942,7972960.0,3.0,3,M,Unisex,https://picsum.photos/280/350?random=942,2025-04-22 15:47:49.802126+07:00
Crewneck 943,4571040.0,4.4,3,L,Men,https://picsum.photos/280/350?random=943,2025-04-22 15:47:49.802126+07:00
T-shirt 944,1578240.0,4.6,3,XL,Women,https://picsum.photos/280/350?random=944,2025-04-22 15:47:49.802126+07:00
Hoodie 945,2107680.0,4.2,3,XXL,Unisex,https://picsum.photos/280/350?random=945,2025-04-22 15:47:49.802126+07:00
Outerwear 947,7079680.0,4.6,3,M,Women,https://picsum.photos/280/350?random=947,2025-04-22 15:47:49.802126+07:00
Jacket 948,4600480.0,3.9,3,L,Unisex,https://picsum.photos/280/350?random=948,2025-04-22 15:47:49.802126+07:00
Crewneck 949,1844320.0,4.4,3,XL,Men,https://picsum.photos/280/350?random=949,2025-04-22 15:47:49.802126+07:00
T-shirt 950,7691680.0,4.9,3,XXL,Women,https://picsum.photos/280/350?random=950,2025-04-22 15:47:49.802126+07:00
Pants 952,7155040.0,3.7,3,M,Men,https://picsum.photos/280/350?random=952,2025-04-22 15:47:49.802126+07:00
Outerwear 953,8423200.0,3.8,3,L,Women,https://picsum.photos/280/350?random=953,2025-04-22 15:47:49.802126+07:00
Jacket 954,3878720.0,4.1,3,XL,Unisex,https://picsum.photos/280/350?random=954,2025-04-22 15:47:49.802126+07:00
Crewneck 955,7006560.0,4.7,3,XXL,Men,https://picsum.photos/280/350?random=955,2025-04-22 15:47:49.802126+07:00
T-shirt 956,4457600.0,3.1,3,S,Women,https://picsum.photos/280/350?random=956,2025-04-22 15:47:49.802126+07:00
Hoodie 957,4024320.0,4.4,3,M,Unisex,https://picsum.photos/280/350?random=957,2025-04-22 15:47:49.802126+07:00
Pants 958,3946240.0,4.8,3,L,Men,https://picsum.photos/280/350?random=958,2025-04-22 15:47:49.802126+07:00
Outerwear 959,6828480.0,4.6,3,XL,Women,https://picsum.photos/280/350?random=959,2025-04-22 15:47:49.802126+07:00
Jacket 960,5840160.0,4.5,3,XXL,Unisex,https://picsum.photos/280/350?random=960,2025-04-22 15:47:49.802126+07:00
T-shirt 962,2887840.0,4.1,3,M,Women,https://picsum.photos/280/350?random=962,2025-04-22 15:47:49.802126+07:00
Hoodie 963,7916160.0,4.6,3,L,Unisex,https://picsum.photos/280/350?random=963,2025-04-22 15:47:49.802126+07:00
Pants 964,3885280.0,3.3,3,XL,Men,https://picsum.photos/280/350?random=964,2025-04-22 15:47:49.802126+07:00
Outerwear 965,3107200.0,4.5,3,XXL,Women,https://picsum.photos/280/350?random=965,2025-04-22 15:47:49.802126+07:00
Jacket 966,8499520.0,4.9,3,S,Unisex,https://picsum.photos/280/350?random=966,2025-04-22 15:47:49.802126+07:00
Crewneck 967,1744000.0,3.5,3,M,Men,https://picsum.photos/280/350?random=967,2025-04-22 15:47:49.802126+07:00
T-shirt 968,4045120.0,4.4,3,L,Women,https://picsum.photos/280/350?random=968,2025-04-22 15:47:49.802126+07:00
Hoodie 969,4231840.0,3.8,3,XL,Unisex,https://picsum.photos/280/350?random=969,2025-04-22 15:47:49.802126+07:00
Pants 970,952960.0,4.6,3,XXL,Men,https://picsum.photos/280/350?random=970,2025-04-22 15:47:49.802126+07:00
Jacket 972,7272000.0,4.4,3,M,Unisex,https://picsum.photos/280/350?random=972,2025-04-22 15:47:49.802126+07:00
Crewneck 973,7134400.0,3.9,3,L,Men,https://picsum.photos/280/350?random=973,2025-04-22 15:47:49.802126+07:00
T-shirt 974,4769280.0,3.0,3,XL,Women,https://picsum.photos/280/350?random=974,2025-04-22 15:47:49.802126+07:00
Hoodie 975,4816000.0,3.6,3,XXL,Unisex,https://picsum.photos/280/350?random=975,2025-04-22 15:47:49.802126+07:00
Outerwear 977,3356000.0,3.6,3,M,Women,https://picsum.photos/280/350?random=977,2025-04-22 15:47:49.802126+07:00
Jacket 978,3918240.0,3.6,3,L,Unisex,https://picsum.photos/280/350?random=978,2025-04-22 15:47:49.802126+07:00
Crewneck 979,4848480.0,3.4,3,XL,Men,https://picsum.photos/280/350?random=979,2025-04-22 15:47:49.802126+07:00
T-shirt 980,6544000.0,3.1,3,XXL,Women,https://picsum.photos/280/350?random=980,2025-04-22 15:47:49.802126+07:00
Pants 982,7281760.0,4.9,3,M,Men,https://picsum.photos/280/350?random=982,2025-04-22 15:47:49.802126+07:00
Outerwear 983,5762560.0,3.2,3,L,Women,https://picsum.photos/280/350?random=983,2025-04-22 15:47:49.802126+07:00
Jacket 984,7349440.0,3.8,3,XL,Unisex,https://picsum.photos/280/350?random=984,2025-04-22 15:47:49.802126+07:00
Crewneck 985,6236000.0,4.3,3,XXL,Men,https://picsum.photos/280/350?random=985,2025-04-22 15:47:49.802126+07:00
T-shirt 986,6713760.0,4.5,3,S,Women,https://picsum.photos/280/350?random=986,2025-04-22 15:47:49.802126+07:00
Hoodie 987,4008000.0,4.7,3,M,Unisex,https://picsum.photos/280/350?random=987,2025-04-22 15:47:49.802126+07:00
Pants 988,2054239.9999999998,3.5,3,L,Men,https://picsum.photos/280/350?random=988,2025-04-22 15:47:49.802126+07:00
Outerwear 989,6869440.0,4.2,3,XL,Women,https://picsum.photos/280/350?random=989,2025-04-22 15:47:49.802126+07:00
Jacket 990,3327360.0,4.2,3,XXL,Unisex,https://picsum.photos/280/350?random=990,2025-04-22 15:47:49.802126+07:00
T-shirt 992,4840480.0,4.9,3,M,Women,https://picsum.photos/280/350?random=992,2025-04-22 15:47:49.802126+07:00
Hoodie 993,6361920.0,3.4,3,L,Unisex,https://picsum.photos/280/350?random=993,2025-04-22 15:47:49.802126+07:00
Pants 994,1693760.0,4.4,3,XL,Men,https://picsum.photos/280/350?random=994,2025-04-22 15:47:49.802126+07:00
Outerwear 995,8046720.0,3.2,3,XXL,Women,https://picsum.photos/280/350?random=995,2025-04-22 15:47:49.802126+07:00
Jacket 996,6942400.0,4.3,3,S,Unisex,https://picsum.photos/280/350?random=996,2025-04-22 15:47:49.802126+07:00
Crewneck 997,5321280.0,3.9,3,M,Men,https://picsum.photos/280/350?random=997,2025-04-22 15:47:49.802126+07:00
T-shirt 998,908000.0,4.2,3,L,Women,https://picsum.photos/280/350?random=998,2025-04-22 15:47:49.802126+07:00
Hoodie 999,8534240.0,4.8,3,XL,Unisex,https://picsum.photos/280/350?random=999,2025-04-22 15:47:49.802126+07:00
Pants 1000,2938240.0,4.7,3,XXL,Men,https://picsum.photos/280/350?random=1000,2025-04-22 15:47:49.802126+07:00
